Timestamp,CPU (%),Memory (%),GPU1 Load (%),GPU2 Load (%),GPU3 Load (%),GPU4 Load (%),GPU5 Load (%),GPU6 Load (%),GPU7 Load (%),GPU8 Load (%),GPU1 Memory Used (MB),GPU2 Memory Used (MB),GPU3 Memory Used (MB),GPU4 Memory Used (MB),GPU5 Memory Used (MB),GPU6 Memory Used (MB),GPU7 Memory Used (MB),GPU8 Memory Used (MB)
2025-06-19 16:19:43,99.6,54.8,52.0,90.0,79.0,57.0,0.0,0.0,0.0,0.0,21799.0,20253.0,20147.0,19795.0,18.0,18.0,18.0,18.0
2025-06-19 16:19:44,51.9,54.8,93.0,90.0,57.0,54.0,0.0,0.0,0.0,0.0,21799.0,20253.0,20147.0,19795.0,18.0,18.0,18.0,18.0
2025-06-19 16:19:45,54.4,54.8,98.0,97.0,80.0,100.0,0.0,0.0,0.0,0.0,21799.0,20253.0,20147.0,19795.0,18.0,18.0,18.0,18.0
2025-06-19 16:19:46,60.3,54.8,98.0,97.0,97.0,97.0,0.0,0.0,0.0,0.0,21799.0,20253.0,20147.0,19795.0,18.0,18.0,18.0,18.0
2025-06-19 16:19:48,59.8,54.8,92.0,81.0,77.0,83.0,0.0,0.0,0.0,0.0,21799.0,20253.0,20147.0,19795.0,18.0,18.0,18.0,18.0
2025-06-19 16:19:49,51.3,54.7,94.0,64.0,88.0,69.0,0.0,0.0,0.0,0.0,21799.0,20253.0,20147.0,19795.0,18.0,18.0,18.0,18.0
2025-06-19 16:19:50,54.1,54.7,92.0,96.0,81.0,83.0,0.0,0.0,0.0,0.0,21799.0,20253.0,20147.0,19795.0,18.0,18.0,18.0,18.0
2025-06-19 16:19:51,55.2,54.7,100.0,96.0,94.0,85.0,0.0,0.0,0.0,0.0,21799.0,20253.0,20147.0,19795.0,18.0,18.0,18.0,18.0
2025-06-19 16:19:52,61.1,54.7,96.0,94.0,98.0,98.0,0.0,0.0,0.0,0.0,21799.0,20253.0,20147.0,19795.0,18.0,18.0,18.0,18.0
2025-06-19 16:19:53,60.1,54.7,91.0,96.0,95.0,98.0,0.0,0.0,0.0,0.0,21799.0,20253.0,20147.0,19795.0,18.0,18.0,18.0,18.0
2025-06-19 16:19:55,58.5,54.7,39.0,68.0,73.0,84.0,0.0,0.0,0.0,0.0,21799.0,20253.0,20147.0,19795.0,18.0,18.0,18.0,18.0
2025-06-19 16:19:56,51.2,54.7,100.0,95.0,95.0,100.0,0.0,0.0,0.0,0.0,21799.0,20253.0,20147.0,19795.0,18.0,18.0,18.0,18.0
2025-06-19 16:19:57,59.6,54.8,95.0,60.0,78.0,80.0,0.0,0.0,0.0,0.0,21799.0,20253.0,20147.0,19795.0,18.0,18.0,18.0,18.0
2025-06-19 16:19:58,57.0,54.8,100.0,97.0,92.0,81.0,0.0,0.0,0.0,0.0,21799.0,20253.0,20147.0,19795.0,18.0,18.0,18.0,18.0
2025-06-19 16:20:00,55.6,54.8,93.0,90.0,96.0,93.0,0.0,0.0,0.0,0.0,21799.0,20253.0,20147.0,19795.0,18.0,18.0,18.0,18.0
2025-06-19 16:20:01,57.0,54.8,92.0,96.0,92.0,94.0,0.0,0.0,0.0,0.0,21799.0,20253.0,20147.0,19795.0,18.0,18.0,18.0,18.0
2025-06-19 16:20:02,56.1,54.7,75.0,77.0,59.0,80.0,0.0,0.0,0.0,0.0,21799.0,20253.0,20147.0,19795.0,18.0,18.0,18.0,18.0
2025-06-19 16:20:03,47.6,54.8,81.0,85.0,98.0,67.0,0.0,0.0,0.0,0.0,21799.0,20253.0,20147.0,19795.0,18.0,18.0,18.0,18.0
2025-06-19 16:20:04,54.4,54.7,97.0,95.0,100.0,100.0,0.0,0.0,0.0,0.0,21799.0,20253.0,20147.0,19795.0,18.0,18.0,18.0,18.0
2025-06-19 16:20:06,58.1,54.7,96.0,79.0,94.0,71.0,0.0,0.0,0.0,0.0,21799.0,20253.0,20147.0,19795.0,18.0,18.0,18.0,18.0
2025-06-19 16:20:07,51.5,54.7,64.0,45.0,72.0,66.0,0.0,0.0,0.0,0.0,21799.0,20253.0,20147.0,19795.0,18.0,18.0,18.0,18.0
2025-06-19 16:20:08,46.9,54.7,100.0,97.0,82.0,93.0,0.0,0.0,0.0,0.0,21799.0,20253.0,20147.0,19795.0,18.0,18.0,18.0,18.0
2025-06-19 16:20:09,56.6,54.7,100.0,100.0,100.0,82.0,0.0,0.0,0.0,0.0,21799.0,20253.0,20147.0,19795.0,18.0,18.0,18.0,18.0
2025-06-19 16:20:10,58.6,54.7,93.0,96.0,98.0,96.0,0.0,0.0,0.0,0.0,21799.0,20253.0,20147.0,19795.0,18.0,18.0,18.0,18.0
2025-06-19 16:20:12,54.9,54.7,89.0,68.0,43.0,13.0,0.0,0.0,0.0,0.0,21799.0,20253.0,20147.0,19795.0,18.0,18.0,18.0,18.0
2025-06-19 16:20:13,46.1,54.7,97.0,100.0,89.0,100.0,0.0,0.0,0.0,0.0,21799.0,20253.0,20147.0,19795.0,18.0,18.0,18.0,18.0
2025-06-19 16:20:14,58.4,54.7,96.0,96.0,93.0,88.0,0.0,0.0,0.0,0.0,21799.0,20253.0,20147.0,19795.0,18.0,18.0,18.0,18.0
2025-06-19 16:20:15,57.3,54.7,38.0,63.0,39.0,99.0,0.0,0.0,0.0,0.0,21799.0,20253.0,20147.0,19795.0,18.0,18.0,18.0,18.0
2025-06-19 16:20:16,47.8,54.7,21.0,80.0,57.0,51.0,0.0,0.0,0.0,0.0,21799.0,20253.0,20147.0,19795.0,18.0,18.0,18.0,18.0
2025-06-19 16:20:17,52.7,54.7,100.0,45.0,76.0,74.0,0.0,0.0,0.0,0.0,21799.0,20253.0,20147.0,19795.0,18.0,18.0,18.0,18.0
2025-06-19 16:20:19,53.7,54.6,98.0,98.0,95.0,100.0,0.0,0.0,0.0,0.0,21799.0,20253.0,20147.0,19795.0,18.0,18.0,18.0,18.0
2025-06-19 16:20:20,65.0,54.7,94.0,94.0,90.0,95.0,0.0,0.0,0.0,0.0,21799.0,20253.0,20147.0,19795.0,18.0,18.0,18.0,18.0
2025-06-19 16:20:21,48.5,54.7,67.0,51.0,61.0,68.0,0.0,0.0,0.0,0.0,21799.0,20253.0,20147.0,19795.0,18.0,18.0,18.0,18.0
2025-06-19 16:20:22,49.9,54.7,100.0,88.0,100.0,100.0,0.0,0.0,0.0,0.0,21799.0,20253.0,20147.0,19795.0,18.0,18.0,18.0,18.0
2025-06-19 16:20:24,56.0,54.7,99.0,84.0,97.0,99.0,0.0,0.0,0.0,0.0,21799.0,20253.0,20147.0,19795.0,18.0,18.0,18.0,18.0
2025-06-19 16:20:25,59.7,54.7,74.0,87.0,94.0,81.0,0.0,0.0,0.0,0.0,21799.0,20253.0,20147.0,19795.0,18.0,18.0,18.0,18.0
2025-06-19 16:20:26,53.2,54.7,49.0,84.0,99.0,75.0,0.0,0.0,0.0,0.0,21799.0,20253.0,20147.0,19795.0,18.0,18.0,18.0,18.0
2025-06-19 16:20:27,54.4,54.7,86.0,91.0,70.0,73.0,0.0,0.0,0.0,0.0,21799.0,20253.0,20147.0,19795.0,18.0,18.0,18.0,18.0
2025-06-19 16:20:28,52.5,54.7,92.0,87.0,100.0,100.0,0.0,0.0,0.0,0.0,21799.0,20253.0,20147.0,19795.0,18.0,18.0,18.0,18.0
2025-06-19 16:20:29,57.8,54.7,74.0,88.0,98.0,93.0,0.0,0.0,0.0,0.0,21799.0,20253.0,20147.0,19795.0,18.0,18.0,18.0,18.0
2025-06-19 16:20:31,62.8,54.7,70.0,59.0,96.0,73.0,0.0,0.0,0.0,0.0,21799.0,20253.0,20147.0,19795.0,18.0,18.0,18.0,18.0
2025-06-19 16:20:32,55.1,54.7,65.0,73.0,50.0,82.0,0.0,0.0,0.0,0.0,21799.0,20253.0,20147.0,19795.0,18.0,18.0,18.0,18.0
2025-06-19 16:20:33,52.5,54.7,95.0,82.0,97.0,69.0,0.0,0.0,0.0,0.0,21799.0,20253.0,20147.0,19795.0,18.0,18.0,18.0,18.0
2025-06-19 16:20:34,55.8,54.7,97.0,100.0,100.0,87.0,0.0,0.0,0.0,0.0,21799.0,20253.0,20147.0,19795.0,18.0,18.0,18.0,18.0
2025-06-19 16:20:35,62.3,54.7,97.0,98.0,96.0,98.0,0.0,0.0,0.0,0.0,21799.0,20253.0,20147.0,19795.0,18.0,18.0,18.0,18.0
2025-06-19 16:20:37,54.3,54.7,42.0,94.0,83.0,82.0,0.0,0.0,0.0,0.0,21799.0,20253.0,20147.0,19795.0,18.0,18.0,18.0,18.0
2025-06-19 16:20:38,51.7,54.7,80.0,83.0,40.0,95.0,0.0,0.0,0.0,0.0,21799.0,20253.0,20147.0,19795.0,18.0,18.0,18.0,18.0
2025-06-19 16:20:39,56.3,54.7,89.0,51.0,88.0,79.0,0.0,0.0,0.0,0.0,21799.0,20253.0,20147.0,19795.0,18.0,18.0,18.0,18.0
2025-06-19 16:20:40,61.4,54.7,97.0,96.0,98.0,93.0,0.0,0.0,0.0,0.0,21799.0,20253.0,20147.0,19795.0,18.0,18.0,18.0,18.0
2025-06-19 16:20:42,58.6,54.8,94.0,96.0,95.0,97.0,0.0,0.0,0.0,0.0,21799.0,20253.0,20147.0,19795.0,18.0,18.0,18.0,18.0
2025-06-19 16:20:43,58.0,54.8,98.0,95.0,95.0,96.0,0.0,0.0,0.0,0.0,21799.0,20253.0,20147.0,19795.0,18.0,18.0,18.0,18.0
2025-06-19 16:20:44,60.5,54.8,34.0,71.0,98.0,97.0,0.0,0.0,0.0,0.0,21799.0,20253.0,20147.0,19795.0,18.0,18.0,18.0,18.0
2025-06-19 16:20:45,51.4,54.7,61.0,47.0,63.0,80.0,0.0,0.0,0.0,0.0,21799.0,20253.0,20147.0,19795.0,18.0,18.0,18.0,18.0
2025-06-19 16:20:46,53.7,54.7,100.0,94.0,99.0,100.0,0.0,0.0,0.0,0.0,21799.0,20253.0,20147.0,19795.0,18.0,18.0,18.0,18.0
2025-06-19 16:20:48,58.7,54.7,94.0,91.0,88.0,100.0,0.0,0.0,0.0,0.0,21799.0,20253.0,20147.0,19795.0,18.0,18.0,18.0,18.0
2025-06-19 16:20:49,53.0,54.7,96.0,93.0,97.0,93.0,0.0,0.0,0.0,0.0,21799.0,20253.0,20147.0,19795.0,18.0,18.0,18.0,18.0
2025-06-19 16:20:50,60.8,54.7,92.0,96.0,95.0,96.0,0.0,0.0,0.0,0.0,21799.0,20253.0,20147.0,19795.0,18.0,18.0,18.0,18.0
2025-06-19 16:20:51,52.7,54.7,83.0,44.0,87.0,69.0,0.0,0.0,0.0,0.0,21799.0,20253.0,20147.0,19795.0,18.0,18.0,18.0,18.0
2025-06-19 16:20:52,47.8,54.7,89.0,94.0,100.0,100.0,0.0,0.0,0.0,0.0,21799.0,20253.0,20147.0,19795.0,18.0,18.0,18.0,18.0
2025-06-19 16:20:54,54.8,54.7,87.0,92.0,90.0,94.0,0.0,0.0,0.0,0.0,21799.0,20253.0,20147.0,19795.0,18.0,18.0,18.0,18.0
2025-06-19 16:20:55,57.1,54.7,83.0,86.0,83.0,73.0,0.0,0.0,0.0,0.0,21799.0,20253.0,20147.0,19795.0,18.0,18.0,18.0,18.0
2025-06-19 16:20:56,48.0,54.7,100.0,89.0,96.0,13.0,0.0,0.0,0.0,0.0,21799.0,20253.0,20147.0,19795.0,18.0,18.0,18.0,18.0
2025-06-19 16:20:57,54.3,54.7,92.0,88.0,93.0,93.0,0.0,0.0,0.0,0.0,21799.0,20253.0,20147.0,19795.0,18.0,18.0,18.0,18.0
2025-06-19 16:20:58,60.4,54.7,95.0,97.0,96.0,93.0,0.0,0.0,0.0,0.0,21799.0,20253.0,20147.0,19795.0,18.0,18.0,18.0,18.0
2025-06-19 16:20:59,50.2,54.7,94.0,93.0,76.0,78.0,0.0,0.0,0.0,0.0,21799.0,20253.0,20147.0,19795.0,18.0,18.0,18.0,18.0
2025-06-19 16:21:01,52.4,54.7,97.0,92.0,86.0,92.0,0.0,0.0,0.0,0.0,21799.0,20253.0,20147.0,19795.0,18.0,18.0,18.0,18.0
2025-06-19 16:21:02,53.9,54.7,94.0,90.0,94.0,94.0,0.0,0.0,0.0,0.0,21799.0,20253.0,20147.0,19795.0,18.0,18.0,18.0,18.0
2025-06-19 16:21:03,56.4,54.7,96.0,94.0,92.0,91.0,0.0,0.0,0.0,0.0,21799.0,20253.0,20147.0,19795.0,18.0,18.0,18.0,18.0
2025-06-19 16:21:04,60.5,54.7,66.0,75.0,96.0,78.0,0.0,0.0,0.0,0.0,21799.0,20253.0,20147.0,19795.0,18.0,18.0,18.0,18.0
2025-06-19 16:21:05,48.1,54.7,84.0,84.0,62.0,84.0,0.0,0.0,0.0,0.0,21799.0,20253.0,20147.0,19795.0,18.0,18.0,18.0,18.0
2025-06-19 16:21:07,52.9,54.7,92.0,99.0,100.0,85.0,0.0,0.0,0.0,0.0,21799.0,20253.0,20147.0,19795.0,18.0,18.0,18.0,18.0
2025-06-19 16:21:08,62.6,54.7,95.0,97.0,89.0,95.0,0.0,0.0,0.0,0.0,21799.0,20253.0,20147.0,19795.0,18.0,18.0,18.0,18.0
2025-06-19 16:21:09,56.8,54.7,59.0,58.0,61.0,69.0,0.0,0.0,0.0,0.0,21799.0,20253.0,20147.0,19795.0,18.0,18.0,18.0,18.0
2025-06-19 16:21:10,52.9,54.7,56.0,64.0,66.0,76.0,0.0,0.0,0.0,0.0,21799.0,20253.0,20147.0,19795.0,18.0,18.0,18.0,18.0
2025-06-19 16:21:11,51.9,54.7,100.0,99.0,87.0,77.0,0.0,0.0,0.0,0.0,21799.0,20253.0,20147.0,19795.0,18.0,18.0,18.0,18.0
2025-06-19 16:21:13,54.1,54.7,95.0,98.0,90.0,94.0,0.0,0.0,0.0,0.0,21799.0,20253.0,20147.0,19795.0,18.0,18.0,18.0,18.0
2025-06-19 16:21:14,67.0,54.8,95.0,89.0,96.0,76.0,0.0,0.0,0.0,0.0,21799.0,20253.0,20147.0,19795.0,18.0,18.0,18.0,18.0
2025-06-19 16:21:15,53.0,54.8,90.0,64.0,73.0,81.0,0.0,0.0,0.0,0.0,21799.0,20253.0,20147.0,19795.0,18.0,18.0,18.0,18.0
2025-06-19 16:21:16,54.8,54.8,77.0,90.0,71.0,71.0,0.0,0.0,0.0,0.0,21799.0,20253.0,20147.0,19795.0,18.0,18.0,18.0,18.0
2025-06-19 16:21:17,53.5,54.7,98.0,100.0,95.0,94.0,0.0,0.0,0.0,0.0,21799.0,20253.0,20147.0,19795.0,18.0,18.0,18.0,18.0
2025-06-19 16:21:19,61.6,54.7,95.0,98.0,96.0,98.0,0.0,0.0,0.0,0.0,21799.0,20253.0,20147.0,19795.0,18.0,18.0,18.0,18.0
2025-06-19 16:21:20,60.3,54.7,94.0,81.0,59.0,78.0,0.0,0.0,0.0,0.0,21799.0,20253.0,20147.0,19795.0,18.0,18.0,18.0,18.0
2025-06-19 16:21:21,45.3,54.7,100.0,100.0,95.0,90.0,0.0,0.0,0.0,0.0,21799.0,20253.0,20147.0,19795.0,18.0,18.0,18.0,18.0
2025-06-19 16:21:22,57.8,54.7,84.0,80.0,65.0,50.0,0.0,0.0,0.0,0.0,21799.0,20253.0,20147.0,19795.0,18.0,18.0,18.0,18.0
2025-06-19 16:21:23,53.4,54.7,100.0,92.0,98.0,99.0,0.0,0.0,0.0,0.0,21799.0,20253.0,20147.0,19795.0,18.0,18.0,18.0,18.0
2025-06-19 16:21:25,56.1,54.7,96.0,98.0,94.0,95.0,0.0,0.0,0.0,0.0,21799.0,20253.0,20147.0,19795.0,18.0,18.0,18.0,18.0
2025-06-19 16:21:26,59.0,54.7,91.0,93.0,98.0,100.0,0.0,0.0,0.0,0.0,21799.0,20253.0,20147.0,19795.0,18.0,18.0,18.0,18.0
2025-06-19 16:21:27,57.6,54.7,91.0,98.0,93.0,95.0,0.0,0.0,0.0,0.0,21799.0,20253.0,20147.0,19795.0,18.0,18.0,18.0,18.0
2025-06-19 16:21:28,53.0,54.7,58.0,15.0,71.0,81.0,0.0,0.0,0.0,0.0,21799.0,20253.0,20147.0,19795.0,18.0,18.0,18.0,18.0
2025-06-19 16:21:29,51.8,54.7,100.0,80.0,100.0,100.0,0.0,0.0,0.0,0.0,21799.0,20253.0,20147.0,19795.0,18.0,18.0,18.0,18.0
2025-06-19 16:21:31,55.0,54.7,93.0,97.0,99.0,96.0,0.0,0.0,0.0,0.0,21799.0,20253.0,20147.0,19795.0,18.0,18.0,18.0,18.0
2025-06-19 16:21:32,58.3,54.7,73.0,83.0,76.0,94.0,0.0,0.0,0.0,0.0,21799.0,20253.0,20147.0,19795.0,18.0,18.0,18.0,18.0
2025-06-19 16:21:33,52.4,54.7,31.0,51.0,22.0,50.0,0.0,0.0,0.0,0.0,21799.0,20253.0,20147.0,19795.0,18.0,18.0,18.0,18.0
2025-06-19 16:21:34,48.1,54.7,89.0,100.0,98.0,87.0,0.0,0.0,0.0,0.0,21799.0,20253.0,20147.0,19795.0,18.0,18.0,18.0,18.0
2025-06-19 16:21:35,58.7,54.7,95.0,94.0,97.0,95.0,0.0,0.0,0.0,0.0,21799.0,20253.0,20147.0,19795.0,18.0,18.0,18.0,18.0
2025-06-19 16:21:36,55.6,54.7,91.0,82.0,43.0,91.0,0.0,0.0,0.0,0.0,21799.0,20253.0,20147.0,19795.0,18.0,18.0,18.0,18.0
2025-06-19 16:21:38,50.1,54.7,34.0,88.0,78.0,75.0,0.0,0.0,0.0,0.0,21799.0,20253.0,20147.0,19795.0,18.0,18.0,18.0,18.0
2025-06-19 16:21:39,59.2,54.7,93.0,100.0,97.0,100.0,0.0,0.0,0.0,0.0,21799.0,20253.0,20147.0,19795.0,18.0,18.0,18.0,18.0
2025-06-19 16:21:40,58.4,54.7,96.0,94.0,88.0,97.0,0.0,0.0,0.0,0.0,21799.0,20253.0,20147.0,19795.0,18.0,18.0,18.0,18.0
2025-06-19 16:21:41,50.2,54.7,82.0,58.0,27.0,72.0,0.0,0.0,0.0,0.0,21799.0,20253.0,20147.0,19795.0,18.0,18.0,18.0,18.0
2025-06-19 16:21:42,53.5,54.7,94.0,70.0,94.0,28.0,0.0,0.0,0.0,0.0,21799.0,20253.0,20147.0,19795.0,18.0,18.0,18.0,18.0
2025-06-19 16:21:44,54.4,54.7,100.0,92.0,78.0,94.0,0.0,0.0,0.0,0.0,21799.0,20253.0,20147.0,19795.0,18.0,18.0,18.0,18.0
2025-06-19 16:21:45,56.3,54.7,98.0,100.0,98.0,97.0,0.0,0.0,0.0,0.0,21799.0,20253.0,20147.0,19795.0,18.0,18.0,18.0,18.0
2025-06-19 16:21:46,57.2,54.7,96.0,96.0,95.0,95.0,0.0,0.0,0.0,0.0,21799.0,20253.0,20147.0,19795.0,18.0,18.0,18.0,18.0
2025-06-19 16:21:47,60.3,54.7,95.0,98.0,95.0,95.0,0.0,0.0,0.0,0.0,21799.0,20253.0,20147.0,19795.0,18.0,18.0,18.0,18.0
2025-06-19 16:21:48,54.5,54.7,82.0,76.0,89.0,88.0,0.0,0.0,0.0,0.0,21799.0,20253.0,20147.0,19795.0,18.0,18.0,18.0,18.0
2025-06-19 16:21:50,48.6,54.7,97.0,84.0,93.0,52.0,0.0,0.0,0.0,0.0,21799.0,20253.0,20147.0,19795.0,18.0,18.0,18.0,18.0
2025-06-19 16:21:51,55.5,54.7,94.0,77.0,68.0,84.0,0.0,0.0,0.0,0.0,21799.0,20253.0,20147.0,19795.0,18.0,18.0,18.0,18.0
2025-06-19 16:21:52,54.7,54.7,97.0,98.0,100.0,94.0,0.0,0.0,0.0,0.0,21799.0,20253.0,20147.0,19795.0,18.0,18.0,18.0,18.0
2025-06-19 16:21:53,60.6,54.7,98.0,98.0,99.0,98.0,0.0,0.0,0.0,0.0,21799.0,20253.0,20147.0,19795.0,18.0,18.0,18.0,18.0
2025-06-19 16:21:54,58.2,54.7,76.0,78.0,64.0,90.0,0.0,0.0,0.0,0.0,21799.0,20253.0,20147.0,19795.0,18.0,18.0,18.0,18.0
2025-06-19 16:21:56,49.2,54.7,90.0,91.0,57.0,59.0,0.0,0.0,0.0,0.0,21799.0,20253.0,20147.0,19795.0,18.0,18.0,18.0,18.0
2025-06-19 16:21:57,54.3,54.7,96.0,94.0,97.0,100.0,0.0,0.0,0.0,0.0,21799.0,20253.0,20147.0,19795.0,18.0,18.0,18.0,18.0
2025-06-19 16:21:58,54.7,54.7,98.0,99.0,96.0,95.0,0.0,0.0,0.0,0.0,21799.0,20253.0,20147.0,19795.0,18.0,18.0,18.0,18.0
2025-06-19 16:21:59,60.9,54.7,79.0,49.0,99.0,96.0,0.0,0.0,0.0,0.0,21799.0,20253.0,20147.0,19795.0,18.0,18.0,18.0,18.0
2025-06-19 16:22:00,53.5,54.7,75.0,79.0,77.0,82.0,0.0,0.0,0.0,0.0,21799.0,20253.0,20147.0,19795.0,18.0,18.0,18.0,18.0
2025-06-19 16:22:02,53.5,54.7,100.0,97.0,100.0,94.0,0.0,0.0,0.0,0.0,21799.0,20253.0,20147.0,19795.0,18.0,18.0,18.0,18.0
2025-06-19 16:22:03,54.6,54.7,99.0,93.0,98.0,100.0,0.0,0.0,0.0,0.0,21799.0,20253.0,20147.0,19795.0,18.0,18.0,18.0,18.0
2025-06-19 16:22:04,57.9,54.7,97.0,96.0,97.0,94.0,0.0,0.0,0.0,0.0,21799.0,20253.0,20147.0,19795.0,18.0,18.0,18.0,18.0
2025-06-19 16:22:05,57.6,54.7,98.0,98.0,91.0,89.0,0.0,0.0,0.0,0.0,21799.0,20253.0,20147.0,19795.0,18.0,18.0,18.0,18.0
2025-06-19 16:22:06,54.8,54.7,79.0,65.0,60.0,58.0,0.0,0.0,0.0,0.0,21799.0,20253.0,20147.0,19795.0,18.0,18.0,18.0,18.0
2025-06-19 16:22:08,50.7,54.7,90.0,100.0,100.0,95.0,0.0,0.0,0.0,0.0,21799.0,20253.0,20147.0,19795.0,18.0,18.0,18.0,18.0
2025-06-19 16:22:09,52.8,54.7,97.0,97.0,95.0,95.0,0.0,0.0,0.0,0.0,21799.0,20253.0,20147.0,19795.0,18.0,18.0,18.0,18.0
2025-06-19 16:22:10,59.0,54.7,97.0,98.0,99.0,96.0,0.0,0.0,0.0,0.0,21799.0,20253.0,20147.0,19795.0,18.0,18.0,18.0,18.0
2025-06-19 16:22:11,52.7,54.7,75.0,75.0,88.0,96.0,0.0,0.0,0.0,0.0,21799.0,20253.0,20147.0,19795.0,18.0,18.0,18.0,18.0
2025-06-19 16:22:12,52.2,54.7,79.0,74.0,83.0,49.0,0.0,0.0,0.0,0.0,21799.0,20253.0,20147.0,19795.0,18.0,18.0,18.0,18.0
2025-06-19 16:22:13,56.2,54.7,100.0,88.0,94.0,100.0,0.0,0.0,0.0,0.0,21799.0,20253.0,20147.0,19795.0,18.0,18.0,18.0,18.0
2025-06-19 16:22:15,55.6,54.7,91.0,94.0,95.0,90.0,0.0,0.0,0.0,0.0,21799.0,20253.0,20147.0,19795.0,18.0,18.0,18.0,18.0
2025-06-19 16:22:16,60.2,54.7,95.0,98.0,89.0,95.0,0.0,0.0,0.0,0.0,21799.0,20253.0,20147.0,19795.0,18.0,18.0,18.0,18.0
2025-06-19 16:22:17,59.3,54.7,68.0,54.0,62.0,80.0,0.0,0.0,0.0,0.0,21799.0,20253.0,20147.0,19795.0,18.0,18.0,18.0,18.0
2025-06-19 16:22:18,48.2,54.7,91.0,78.0,97.0,52.0,0.0,0.0,0.0,0.0,21799.0,20253.0,20147.0,19795.0,18.0,18.0,18.0,18.0
2025-06-19 16:22:19,56.5,54.7,99.0,100.0,95.0,95.0,0.0,0.0,0.0,0.0,21799.0,20253.0,20147.0,19795.0,18.0,18.0,18.0,18.0
2025-06-19 16:22:21,59.1,54.7,96.0,99.0,93.0,72.0,0.0,0.0,0.0,0.0,21799.0,20253.0,20147.0,19795.0,18.0,18.0,18.0,18.0
2025-06-19 16:22:22,58.6,54.7,96.0,94.0,88.0,95.0,0.0,0.0,0.0,0.0,21799.0,20253.0,20147.0,19795.0,18.0,18.0,18.0,18.0
2025-06-19 16:22:23,55.3,54.7,49.0,57.0,65.0,30.0,0.0,0.0,0.0,0.0,21799.0,20253.0,20147.0,19795.0,18.0,18.0,18.0,18.0
2025-06-19 16:22:24,46.6,54.7,100.0,95.0,97.0,88.0,0.0,0.0,0.0,0.0,21799.0,20253.0,20147.0,19795.0,18.0,18.0,18.0,18.0
2025-06-19 16:22:25,59.5,54.7,98.0,100.0,97.0,95.0,0.0,0.0,0.0,0.0,21799.0,20253.0,20147.0,19795.0,18.0,18.0,18.0,18.0
2025-06-19 16:22:27,59.0,54.7,99.0,95.0,83.0,97.0,0.0,0.0,0.0,0.0,21799.0,20253.0,20147.0,19795.0,18.0,18.0,18.0,18.0
2025-06-19 16:22:28,53.6,54.7,52.0,72.0,50.0,55.0,0.0,0.0,0.0,0.0,21799.0,20253.0,20147.0,19795.0,18.0,18.0,18.0,18.0
2025-06-19 16:22:29,52.6,54.7,88.0,85.0,79.0,77.0,0.0,0.0,0.0,0.0,21799.0,20253.0,20147.0,19795.0,18.0,18.0,18.0,18.0
2025-06-19 16:22:30,56.0,54.7,100.0,85.0,100.0,63.0,0.0,0.0,0.0,0.0,21799.0,20253.0,20147.0,19795.0,18.0,18.0,18.0,18.0
2025-06-19 16:22:31,54.6,54.7,95.0,98.0,99.0,83.0,0.0,0.0,0.0,0.0,21799.0,20253.0,20147.0,19795.0,18.0,18.0,18.0,18.0
2025-06-19 16:22:33,57.0,54.7,96.0,94.0,97.0,96.0,0.0,0.0,0.0,0.0,21799.0,20253.0,20147.0,19795.0,18.0,18.0,18.0,18.0
2025-06-19 16:22:34,58.9,54.7,84.0,98.0,95.0,94.0,0.0,0.0,0.0,0.0,21799.0,20253.0,20147.0,19795.0,18.0,18.0,18.0,18.0
2025-06-19 16:22:35,50.9,54.7,66.0,75.0,66.0,58.0,0.0,0.0,0.0,0.0,21799.0,20253.0,20147.0,19795.0,18.0,18.0,18.0,18.0
2025-06-19 16:22:36,51.3,54.7,91.0,100.0,74.0,62.0,0.0,0.0,0.0,0.0,21799.0,20253.0,20147.0,19795.0,18.0,18.0,18.0,18.0
2025-06-19 16:22:37,58.7,54.7,93.0,100.0,95.0,91.0,0.0,0.0,0.0,0.0,21799.0,20253.0,20147.0,19795.0,18.0,18.0,18.0,18.0
2025-06-19 16:22:39,59.1,54.7,97.0,93.0,97.0,95.0,0.0,0.0,0.0,0.0,21799.0,20253.0,20147.0,19795.0,18.0,18.0,18.0,18.0
2025-06-19 16:22:40,61.5,54.7,90.0,98.0,61.0,93.0,0.0,0.0,0.0,0.0,21799.0,20253.0,20147.0,19795.0,18.0,18.0,18.0,18.0
2025-06-19 16:22:41,51.7,54.7,80.0,69.0,74.0,74.0,0.0,0.0,0.0,0.0,21799.0,20253.0,20147.0,19795.0,18.0,18.0,18.0,18.0
2025-06-19 16:22:42,52.9,54.7,73.0,90.0,61.0,93.0,0.0,0.0,0.0,0.0,21799.0,20253.0,20147.0,19795.0,18.0,18.0,18.0,18.0
2025-06-19 16:22:43,58.1,54.7,98.0,100.0,88.0,100.0,0.0,0.0,0.0,0.0,21799.0,20253.0,20147.0,19795.0,18.0,18.0,18.0,18.0
2025-06-19 16:22:45,57.4,54.7,94.0,94.0,100.0,98.0,0.0,0.0,0.0,0.0,21799.0,20253.0,20147.0,19795.0,18.0,18.0,18.0,18.0
2025-06-19 16:22:46,60.6,54.7,96.0,98.0,99.0,95.0,0.0,0.0,0.0,0.0,21799.0,20253.0,20147.0,19795.0,18.0,18.0,18.0,18.0
2025-06-19 16:22:47,57.8,54.7,90.0,71.0,93.0,95.0,0.0,0.0,0.0,0.0,21799.0,20253.0,20147.0,19795.0,18.0,18.0,18.0,18.0
2025-06-19 16:22:48,54.1,54.7,76.0,63.0,74.0,74.0,0.0,0.0,0.0,0.0,21799.0,20253.0,20147.0,19795.0,18.0,18.0,18.0,18.0
2025-06-19 16:22:49,50.5,54.7,100.0,87.0,84.0,100.0,0.0,0.0,0.0,0.0,21799.0,20253.0,20147.0,19795.0,18.0,18.0,18.0,18.0
2025-06-19 16:22:51,52.7,54.7,98.0,87.0,95.0,97.0,0.0,0.0,0.0,0.0,21799.0,20253.0,20147.0,19795.0,18.0,18.0,18.0,18.0
2025-06-19 16:22:52,61.1,54.7,96.0,96.0,94.0,95.0,0.0,0.0,0.0,0.0,21799.0,20253.0,20147.0,19795.0,18.0,18.0,18.0,18.0
2025-06-19 16:22:53,59.0,54.7,75.0,76.0,93.0,91.0,0.0,0.0,0.0,0.0,21799.0,20253.0,20147.0,19795.0,18.0,18.0,18.0,18.0
2025-06-19 16:22:54,54.1,54.7,64.0,66.0,96.0,98.0,0.0,0.0,0.0,0.0,21799.0,20253.0,20147.0,19795.0,18.0,18.0,18.0,18.0
2025-06-19 16:22:55,50.3,54.7,94.0,43.0,57.0,66.0,0.0,0.0,0.0,0.0,21799.0,20253.0,20147.0,19795.0,18.0,18.0,18.0,18.0
2025-06-19 16:22:56,56.9,54.7,90.0,69.0,96.0,99.0,0.0,0.0,0.0,0.0,21799.0,20253.0,20147.0,19795.0,18.0,18.0,18.0,18.0
2025-06-19 16:22:58,59.4,54.7,96.0,98.0,96.0,96.0,0.0,0.0,0.0,0.0,21799.0,20253.0,20147.0,19795.0,18.0,18.0,18.0,18.0
2025-06-19 16:22:59,58.7,54.7,71.0,95.0,95.0,85.0,0.0,0.0,0.0,0.0,21799.0,20253.0,20147.0,19795.0,18.0,18.0,18.0,18.0
2025-06-19 16:23:00,45.9,54.7,97.0,95.0,83.0,58.0,0.0,0.0,0.0,0.0,21799.0,20253.0,20147.0,19795.0,18.0,18.0,18.0,18.0
2025-06-19 16:23:01,54.6,54.7,93.0,97.0,96.0,100.0,0.0,0.0,0.0,0.0,21799.0,20253.0,20147.0,19795.0,18.0,18.0,18.0,18.0
2025-06-19 16:23:02,58.7,54.7,96.0,99.0,94.0,95.0,0.0,0.0,0.0,0.0,21799.0,20253.0,20147.0,19795.0,18.0,18.0,18.0,18.0
2025-06-19 16:23:04,58.5,54.7,82.0,95.0,97.0,88.0,0.0,0.0,0.0,0.0,21799.0,20253.0,20147.0,19795.0,18.0,18.0,18.0,18.0
2025-06-19 16:23:05,53.7,54.7,70.0,66.0,76.0,98.0,0.0,0.0,0.0,0.0,21799.0,20253.0,20147.0,19795.0,18.0,18.0,18.0,18.0
2025-06-19 16:23:06,46.6,54.7,48.0,94.0,70.0,64.0,0.0,0.0,0.0,0.0,21799.0,20253.0,20147.0,19795.0,18.0,18.0,18.0,18.0
2025-06-19 16:23:07,57.3,54.7,100.0,97.0,100.0,100.0,0.0,0.0,0.0,0.0,21799.0,20253.0,20147.0,19795.0,18.0,18.0,18.0,18.0
2025-06-19 16:23:08,54.3,54.7,100.0,96.0,96.0,98.0,0.0,0.0,0.0,0.0,21799.0,20253.0,20147.0,19795.0,18.0,18.0,18.0,18.0
2025-06-19 16:23:10,56.9,54.7,99.0,98.0,96.0,96.0,0.0,0.0,0.0,0.0,21799.0,20253.0,20147.0,19795.0,18.0,18.0,18.0,18.0
2025-06-19 16:23:11,60.3,54.7,92.0,80.0,59.0,66.0,0.0,0.0,0.0,0.0,21799.0,20253.0,20147.0,19795.0,18.0,18.0,18.0,18.0
2025-06-19 16:23:12,48.0,54.7,76.0,79.0,67.0,71.0,0.0,0.0,0.0,0.0,21799.0,20253.0,20147.0,19795.0,18.0,18.0,18.0,18.0
2025-06-19 16:23:13,53.2,54.7,92.0,77.0,92.0,81.0,0.0,0.0,0.0,0.0,21799.0,20253.0,20147.0,19795.0,18.0,18.0,18.0,18.0
2025-06-19 16:23:14,57.8,54.7,92.0,94.0,91.0,68.0,0.0,0.0,0.0,0.0,21799.0,20253.0,20147.0,19795.0,18.0,18.0,18.0,18.0
2025-06-19 16:23:16,56.8,54.7,96.0,94.0,81.0,98.0,0.0,0.0,0.0,0.0,21799.0,20253.0,20147.0,19795.0,18.0,18.0,18.0,18.0
2025-06-19 16:23:17,60.3,54.7,96.0,94.0,97.0,65.0,0.0,0.0,0.0,0.0,21799.0,20253.0,20147.0,19795.0,18.0,18.0,18.0,18.0
2025-06-19 16:23:18,56.8,54.7,63.0,93.0,78.0,93.0,0.0,0.0,0.0,0.0,21799.0,20253.0,20147.0,19795.0,18.0,18.0,18.0,18.0
2025-06-19 16:23:19,48.3,54.7,75.0,90.0,81.0,66.0,0.0,0.0,0.0,0.0,21799.0,20253.0,20147.0,19795.0,18.0,18.0,18.0,18.0
2025-06-19 16:23:20,56.3,54.7,100.0,85.0,100.0,100.0,0.0,0.0,0.0,0.0,21799.0,20253.0,20147.0,19795.0,18.0,18.0,18.0,18.0
2025-06-19 16:23:22,54.6,54.7,94.0,93.0,98.0,98.0,0.0,0.0,0.0,0.0,21799.0,20253.0,20147.0,19795.0,18.0,18.0,18.0,18.0
2025-06-19 16:23:23,58.0,54.7,98.0,97.0,97.0,95.0,0.0,0.0,0.0,0.0,21799.0,20253.0,20147.0,19795.0,18.0,18.0,18.0,18.0
2025-06-19 16:23:24,58.7,54.7,87.0,77.0,75.0,99.0,0.0,0.0,0.0,0.0,21799.0,20253.0,20147.0,19795.0,18.0,18.0,18.0,18.0
2025-06-19 16:23:25,50.1,54.7,78.0,52.0,45.0,71.0,0.0,0.0,0.0,0.0,21799.0,20253.0,20147.0,19795.0,18.0,18.0,18.0,18.0
2025-06-19 16:23:26,58.0,54.7,76.0,31.0,61.0,64.0,0.0,0.0,0.0,0.0,21799.0,20253.0,20147.0,19795.0,18.0,18.0,18.0,18.0
2025-06-19 16:23:28,57.0,54.7,100.0,91.0,98.0,100.0,0.0,0.0,0.0,0.0,21799.0,20253.0,20147.0,19795.0,18.0,18.0,18.0,18.0
2025-06-19 16:23:29,60.2,54.7,96.0,97.0,96.0,96.0,0.0,0.0,0.0,0.0,21799.0,20253.0,20147.0,19795.0,18.0,18.0,18.0,18.0
2025-06-19 16:23:30,58.8,54.7,84.0,98.0,95.0,96.0,0.0,0.0,0.0,0.0,21799.0,20253.0,20147.0,19795.0,18.0,18.0,18.0,18.0
2025-06-19 16:23:31,54.2,54.7,85.0,75.0,75.0,79.0,0.0,0.0,0.0,0.0,21799.0,20253.0,20147.0,19795.0,18.0,18.0,18.0,18.0
2025-06-19 16:23:32,53.7,54.7,95.0,97.0,31.0,76.0,0.0,0.0,0.0,0.0,21799.0,20253.0,20147.0,19795.0,18.0,18.0,18.0,18.0
2025-06-19 16:23:34,53.1,54.7,93.0,68.0,100.0,92.0,0.0,0.0,0.0,0.0,21799.0,20253.0,20147.0,19795.0,18.0,18.0,18.0,18.0
2025-06-19 16:23:35,57.2,54.7,81.0,86.0,100.0,100.0,0.0,0.0,0.0,0.0,21799.0,20253.0,20147.0,19795.0,18.0,18.0,18.0,18.0
2025-06-19 16:23:36,54.6,54.7,98.0,100.0,95.0,99.0,0.0,0.0,0.0,0.0,21799.0,20253.0,20147.0,19795.0,18.0,18.0,18.0,18.0
2025-06-19 16:23:37,61.7,54.7,98.0,86.0,95.0,99.0,0.0,0.0,0.0,0.0,21799.0,20253.0,20147.0,19795.0,18.0,18.0,18.0,18.0
2025-06-19 16:23:38,58.2,54.7,83.0,73.0,76.0,62.0,0.0,0.0,0.0,0.0,21799.0,20253.0,20147.0,19795.0,18.0,18.0,18.0,18.0
2025-06-19 16:23:40,47.6,54.7,100.0,74.0,100.0,82.0,0.0,0.0,0.0,0.0,21799.0,20253.0,20147.0,19795.0,18.0,18.0,18.0,18.0
2025-06-19 16:23:41,56.7,54.7,97.0,99.0,97.0,100.0,0.0,0.0,0.0,0.0,21799.0,20253.0,20147.0,19795.0,18.0,18.0,18.0,18.0
2025-06-19 16:23:42,54.5,54.7,91.0,93.0,98.0,92.0,0.0,0.0,0.0,0.0,21799.0,20253.0,20147.0,19795.0,18.0,18.0,18.0,18.0
2025-06-19 16:23:43,60.4,54.7,96.0,94.0,95.0,97.0,0.0,0.0,0.0,0.0,21799.0,20253.0,20147.0,19795.0,18.0,18.0,18.0,18.0
2025-06-19 16:23:44,52.8,54.7,51.0,78.0,69.0,53.0,0.0,0.0,0.0,0.0,21799.0,20253.0,20147.0,19795.0,18.0,18.0,18.0,18.0
2025-06-19 16:23:46,49.9,54.7,72.0,49.0,82.0,70.0,0.0,0.0,0.0,0.0,21799.0,20253.0,20147.0,19795.0,18.0,18.0,18.0,18.0
2025-06-19 16:23:47,59.0,54.7,100.0,100.0,70.0,82.0,0.0,0.0,0.0,0.0,21799.0,20253.0,20147.0,19795.0,18.0,18.0,18.0,18.0
2025-06-19 16:23:48,54.9,54.7,55.0,89.0,93.0,98.0,0.0,0.0,0.0,0.0,21799.0,20253.0,20147.0,19795.0,18.0,18.0,18.0,18.0
2025-06-19 16:23:49,53.4,54.7,100.0,95.0,100.0,94.0,0.0,0.0,0.0,0.0,21799.0,20253.0,20147.0,19795.0,18.0,18.0,18.0,18.0
2025-06-19 16:23:51,59.0,54.7,81.0,100.0,100.0,100.0,0.0,0.0,0.0,0.0,21799.0,20253.0,20147.0,19795.0,18.0,18.0,18.0,18.0
2025-06-19 16:23:52,56.9,54.7,97.0,96.0,95.0,96.0,0.0,0.0,0.0,0.0,21799.0,20253.0,20147.0,19795.0,18.0,18.0,18.0,18.0
2025-06-19 16:23:53,60.5,54.7,91.0,93.0,96.0,97.0,0.0,0.0,0.0,0.0,21799.0,20253.0,20147.0,19795.0,18.0,18.0,18.0,18.0
2025-06-19 16:23:54,52.0,54.7,71.0,97.0,92.0,70.0,0.0,0.0,0.0,0.0,21799.0,20253.0,20147.0,19795.0,18.0,18.0,18.0,18.0
2025-06-19 16:23:55,51.8,54.7,81.0,95.0,72.0,66.0,0.0,0.0,0.0,0.0,21799.0,20253.0,20147.0,19795.0,18.0,18.0,18.0,18.0
2025-06-19 16:23:57,56.5,54.7,87.0,96.0,96.0,93.0,0.0,0.0,0.0,0.0,21799.0,20253.0,20147.0,19795.0,18.0,18.0,18.0,18.0
2025-06-19 16:23:58,55.4,54.7,96.0,92.0,96.0,96.0,0.0,0.0,0.0,0.0,21799.0,20253.0,20147.0,19795.0,18.0,18.0,18.0,18.0
2025-06-19 16:23:59,61.3,54.7,65.0,73.0,74.0,84.0,0.0,0.0,0.0,0.0,21799.0,20253.0,20147.0,19795.0,18.0,18.0,18.0,18.0
2025-06-19 16:24:00,47.2,54.7,100.0,100.0,100.0,100.0,0.0,0.0,0.0,0.0,21799.0,20253.0,20147.0,19795.0,18.0,18.0,18.0,18.0
2025-06-19 16:24:01,53.7,54.7,96.0,86.0,100.0,100.0,0.0,0.0,0.0,0.0,21799.0,20253.0,20147.0,19795.0,18.0,18.0,18.0,18.0
2025-06-19 16:24:03,61.8,54.7,85.0,98.0,92.0,94.0,0.0,0.0,0.0,0.0,21799.0,20253.0,20147.0,19795.0,18.0,18.0,18.0,18.0
2025-06-19 16:24:04,57.8,54.7,97.0,95.0,89.0,99.0,0.0,0.0,0.0,0.0,21799.0,20253.0,20147.0,19795.0,18.0,18.0,18.0,18.0
2025-06-19 16:24:05,55.3,54.7,84.0,65.0,46.0,20.0,0.0,0.0,0.0,0.0,21799.0,20253.0,20147.0,19795.0,18.0,18.0,18.0,18.0
2025-06-19 16:24:06,50.7,54.7,100.0,84.0,62.0,79.0,0.0,0.0,0.0,0.0,21799.0,20253.0,20147.0,19795.0,18.0,18.0,18.0,18.0
2025-06-19 16:24:07,55.5,54.7,92.0,92.0,98.0,92.0,0.0,0.0,0.0,0.0,21799.0,20253.0,20147.0,19795.0,18.0,18.0,18.0,18.0
2025-06-19 16:24:08,59.1,54.7,88.0,86.0,98.0,95.0,0.0,0.0,0.0,0.0,21799.0,20253.0,20147.0,19795.0,18.0,18.0,18.0,18.0
2025-06-19 16:24:10,59.9,54.7,52.0,69.0,62.0,55.0,0.0,0.0,0.0,0.0,21799.0,20253.0,20147.0,19795.0,18.0,18.0,18.0,18.0
2025-06-19 16:24:11,51.4,54.7,59.0,53.0,75.0,56.0,0.0,0.0,0.0,0.0,21799.0,20253.0,20147.0,19795.0,18.0,18.0,18.0,18.0
2025-06-19 16:24:12,52.8,54.7,84.0,40.0,52.0,65.0,0.0,0.0,0.0,0.0,21799.0,20253.0,20147.0,19795.0,18.0,18.0,18.0,18.0
2025-06-19 16:24:13,58.6,54.7,86.0,97.0,100.0,79.0,0.0,0.0,0.0,0.0,21799.0,20253.0,20147.0,19795.0,18.0,18.0,18.0,18.0
2025-06-19 16:24:15,52.8,54.7,97.0,94.0,99.0,96.0,0.0,0.0,0.0,0.0,21799.0,20253.0,20147.0,19795.0,18.0,18.0,18.0,18.0
2025-06-19 16:24:16,57.9,54.7,96.0,94.0,95.0,98.0,0.0,0.0,0.0,0.0,21799.0,20253.0,20147.0,19795.0,18.0,18.0,18.0,18.0
2025-06-19 16:24:17,62.1,54.7,58.0,82.0,81.0,55.0,0.0,0.0,0.0,0.0,21799.0,20253.0,20147.0,19795.0,18.0,18.0,18.0,18.0
2025-06-19 16:24:18,49.2,54.7,80.0,67.0,79.0,82.0,0.0,0.0,0.0,0.0,21799.0,20253.0,20147.0,19795.0,18.0,18.0,18.0,18.0
2025-06-19 16:24:19,51.9,54.7,100.0,98.0,95.0,83.0,0.0,0.0,0.0,0.0,21799.0,20253.0,20147.0,19795.0,18.0,18.0,18.0,18.0
2025-06-19 16:24:21,57.1,54.7,97.0,95.0,97.0,99.0,0.0,0.0,0.0,0.0,21799.0,20253.0,20147.0,19795.0,18.0,18.0,18.0,18.0
2025-06-19 16:24:22,63.3,54.7,97.0,99.0,96.0,89.0,0.0,0.0,0.0,0.0,21799.0,20253.0,20147.0,19795.0,18.0,18.0,18.0,18.0
2025-06-19 16:24:23,56.1,54.7,80.0,87.0,89.0,77.0,0.0,0.0,0.0,0.0,21799.0,20253.0,20147.0,19795.0,18.0,18.0,18.0,18.0
2025-06-19 16:24:24,49.7,54.7,74.0,67.0,12.0,74.0,0.0,0.0,0.0,0.0,21799.0,20253.0,20147.0,19795.0,18.0,18.0,18.0,18.0
2025-06-19 16:24:25,54.6,54.7,100.0,81.0,84.0,52.0,0.0,0.0,0.0,0.0,21799.0,20253.0,20147.0,19795.0,18.0,18.0,18.0,18.0
2025-06-19 16:24:27,57.5,54.7,87.0,30.0,85.0,59.0,0.0,0.0,0.0,0.0,21799.0,20253.0,20147.0,19795.0,18.0,18.0,18.0,18.0
2025-06-19 16:24:28,56.3,54.7,97.0,94.0,100.0,91.0,0.0,0.0,0.0,0.0,21799.0,20253.0,20147.0,19795.0,18.0,18.0,18.0,18.0
2025-06-19 16:24:29,59.8,54.7,87.0,95.0,86.0,96.0,0.0,0.0,0.0,0.0,21799.0,20253.0,20147.0,19795.0,18.0,18.0,18.0,18.0
2025-06-19 16:24:30,52.2,54.8,63.0,67.0,57.0,72.0,0.0,0.0,0.0,0.0,21799.0,20253.0,20147.0,19795.0,18.0,18.0,18.0,18.0
2025-06-19 16:24:31,56.3,54.8,62.0,100.0,96.0,100.0,0.0,0.0,0.0,0.0,21799.0,20253.0,20147.0,19795.0,18.0,18.0,18.0,18.0
2025-06-19 16:24:33,54.1,54.7,98.0,95.0,94.0,97.0,0.0,0.0,0.0,0.0,21799.0,20253.0,20147.0,19795.0,18.0,18.0,18.0,18.0
2025-06-19 16:24:34,58.5,54.8,97.0,98.0,98.0,97.0,0.0,0.0,0.0,0.0,21799.0,20253.0,20147.0,19795.0,18.0,18.0,18.0,18.0
2025-06-19 16:24:35,58.4,54.7,95.0,80.0,99.0,96.0,0.0,0.0,0.0,0.0,21799.0,20253.0,20147.0,19795.0,18.0,18.0,18.0,18.0
2025-06-19 16:24:36,57.1,54.7,67.0,56.0,80.0,99.0,0.0,0.0,0.0,0.0,21799.0,20253.0,20147.0,19795.0,18.0,18.0,18.0,18.0
2025-06-19 16:24:37,47.6,54.7,100.0,95.0,100.0,100.0,0.0,0.0,0.0,0.0,21799.0,20253.0,20147.0,19795.0,18.0,18.0,18.0,18.0
2025-06-19 16:24:39,53.9,54.7,96.0,93.0,100.0,95.0,0.0,0.0,0.0,0.0,21799.0,20253.0,20147.0,19795.0,18.0,18.0,18.0,18.0
2025-06-19 16:24:40,63.5,54.8,95.0,90.0,98.0,95.0,0.0,0.0,0.0,0.0,21799.0,20253.0,20147.0,19795.0,18.0,18.0,18.0,18.0
2025-06-19 16:24:41,55.4,54.8,98.0,80.0,92.0,89.0,0.0,0.0,0.0,0.0,21799.0,20253.0,20147.0,19795.0,18.0,18.0,18.0,18.0
2025-06-19 16:24:42,46.5,54.8,53.0,71.0,75.0,90.0,0.0,0.0,0.0,0.0,21799.0,20253.0,20147.0,19795.0,18.0,18.0,18.0,18.0
2025-06-19 16:24:43,57.3,54.8,75.0,81.0,95.0,48.0,0.0,0.0,0.0,0.0,21799.0,20253.0,20147.0,19795.0,18.0,18.0,18.0,18.0
2025-06-19 16:24:45,57.7,54.8,96.0,97.0,92.0,92.0,0.0,0.0,0.0,0.0,21799.0,20253.0,20147.0,19795.0,18.0,18.0,18.0,18.0
2025-06-19 16:24:46,65.6,54.8,69.0,95.0,85.0,96.0,0.0,0.0,0.0,0.0,21799.0,20253.0,20147.0,19795.0,18.0,18.0,18.0,18.0
2025-06-19 16:24:47,47.7,54.8,95.0,64.0,58.0,56.0,0.0,0.0,0.0,0.0,21799.0,20253.0,20147.0,19795.0,18.0,18.0,18.0,18.0
2025-06-19 16:24:48,51.4,54.8,95.0,94.0,100.0,95.0,0.0,0.0,0.0,0.0,21799.0,20253.0,20147.0,19795.0,18.0,18.0,18.0,18.0
2025-06-19 16:24:49,61.0,54.8,94.0,95.0,98.0,89.0,0.0,0.0,0.0,0.0,21799.0,20253.0,20147.0,19795.0,18.0,18.0,18.0,18.0
2025-06-19 16:24:50,58.0,54.8,94.0,96.0,91.0,88.0,0.0,0.0,0.0,0.0,21799.0,20253.0,20147.0,19795.0,18.0,18.0,18.0,18.0
2025-06-19 16:24:52,49.4,54.8,70.0,81.0,75.0,29.0,0.0,0.0,0.0,0.0,21799.0,20253.0,20147.0,19795.0,18.0,18.0,18.0,18.0
2025-06-19 16:24:53,49.5,54.8,96.0,100.0,82.0,95.0,0.0,0.0,0.0,0.0,21799.0,20253.0,20147.0,19795.0,18.0,18.0,18.0,18.0
2025-06-19 16:24:54,54.3,54.8,98.0,88.0,96.0,96.0,0.0,0.0,0.0,0.0,21799.0,20253.0,20147.0,19795.0,18.0,18.0,18.0,18.0
2025-06-19 16:24:55,60.3,54.8,95.0,90.0,99.0,95.0,0.0,0.0,0.0,0.0,21799.0,20253.0,20147.0,19795.0,18.0,18.0,18.0,18.0
2025-06-19 16:24:56,59.1,54.8,78.0,48.0,97.0,98.0,0.0,0.0,0.0,0.0,21799.0,20253.0,20147.0,19795.0,18.0,18.0,18.0,18.0
2025-06-19 16:24:58,52.1,54.8,48.0,52.0,58.0,67.0,0.0,0.0,0.0,0.0,21799.0,20253.0,20147.0,19795.0,18.0,18.0,18.0,18.0
2025-06-19 16:24:59,52.3,54.8,63.0,85.0,100.0,77.0,0.0,0.0,0.0,0.0,21799.0,20253.0,20147.0,19795.0,18.0,18.0,18.0,18.0
2025-06-19 16:25:00,55.2,54.8,97.0,99.0,98.0,100.0,0.0,0.0,0.0,0.0,21799.0,20253.0,20147.0,19795.0,18.0,18.0,18.0,18.0
2025-06-19 16:25:01,63.8,54.8,98.0,61.0,92.0,99.0,0.0,0.0,0.0,0.0,21799.0,20253.0,20147.0,19795.0,18.0,18.0,18.0,18.0
2025-06-19 16:25:02,52.0,54.8,24.0,88.0,88.0,53.0,0.0,0.0,0.0,0.0,21799.0,20253.0,20147.0,19795.0,18.0,18.0,18.0,18.0
2025-06-19 16:25:03,51.3,54.8,89.0,100.0,91.0,90.0,0.0,0.0,0.0,0.0,21799.0,20253.0,20147.0,19795.0,18.0,18.0,18.0,18.0
2025-06-19 16:25:05,66.1,54.8,88.0,100.0,99.0,96.0,0.0,0.0,0.0,0.0,21799.0,20253.0,20147.0,19795.0,18.0,18.0,18.0,18.0
2025-06-19 16:25:06,65.3,54.8,72.0,93.0,97.0,90.0,0.0,0.0,0.0,0.0,21799.0,20253.0,20147.0,19795.0,18.0,18.0,18.0,18.0
2025-06-19 16:25:07,52.8,54.8,96.0,96.0,57.0,72.0,0.0,0.0,0.0,0.0,21799.0,20253.0,20147.0,19795.0,18.0,18.0,18.0,18.0
2025-06-19 16:25:08,57.7,54.8,94.0,74.0,100.0,52.0,0.0,0.0,0.0,0.0,21799.0,20253.0,20147.0,19795.0,18.0,18.0,18.0,18.0
2025-06-19 16:25:09,57.6,54.8,100.0,91.0,100.0,91.0,0.0,0.0,0.0,0.0,21799.0,20253.0,20147.0,19795.0,18.0,18.0,18.0,18.0
2025-06-19 16:25:11,52.8,54.8,97.0,98.0,96.0,98.0,0.0,0.0,0.0,0.0,21799.0,20253.0,20147.0,19795.0,18.0,18.0,18.0,18.0
2025-06-19 16:25:12,58.3,54.8,97.0,95.0,93.0,95.0,0.0,0.0,0.0,0.0,21799.0,20253.0,20147.0,19795.0,18.0,18.0,18.0,18.0
2025-06-19 16:25:13,61.5,54.8,80.0,89.0,95.0,94.0,0.0,0.0,0.0,0.0,21799.0,20253.0,20147.0,19795.0,18.0,18.0,18.0,18.0
2025-06-19 16:25:14,51.1,54.8,74.0,84.0,67.0,53.0,0.0,0.0,0.0,0.0,21799.0,20253.0,20147.0,19795.0,18.0,18.0,18.0,18.0
2025-06-19 16:25:15,57.6,54.8,82.0,81.0,63.0,91.0,0.0,0.0,0.0,0.0,21799.0,20253.0,20147.0,19795.0,18.0,18.0,18.0,18.0
2025-06-19 16:25:17,54.8,54.8,97.0,89.0,100.0,96.0,0.0,0.0,0.0,0.0,21799.0,20253.0,20147.0,19795.0,18.0,18.0,18.0,18.0
2025-06-19 16:25:18,59.9,54.8,97.0,85.0,97.0,95.0,0.0,0.0,0.0,0.0,21799.0,20253.0,20147.0,19795.0,18.0,18.0,18.0,18.0
2025-06-19 16:25:19,59.6,54.8,96.0,96.0,96.0,80.0,0.0,0.0,0.0,0.0,21799.0,20253.0,20147.0,19795.0,18.0,18.0,18.0,18.0
2025-06-19 16:25:20,62.3,54.8,79.0,97.0,58.0,91.0,0.0,0.0,0.0,0.0,21799.0,20253.0,20147.0,19795.0,18.0,18.0,18.0,18.0
2025-06-19 16:25:21,52.6,54.8,65.0,69.0,64.0,50.0,0.0,0.0,0.0,0.0,21799.0,20253.0,20147.0,19795.0,18.0,18.0,18.0,18.0
2025-06-19 16:25:23,51.2,54.7,100.0,80.0,93.0,69.0,0.0,0.0,0.0,0.0,21799.0,20253.0,20147.0,19795.0,18.0,18.0,18.0,18.0
2025-06-19 16:25:24,56.4,54.7,100.0,95.0,100.0,95.0,0.0,0.0,0.0,0.0,21799.0,20253.0,20147.0,19795.0,18.0,18.0,18.0,18.0
2025-06-19 16:25:25,58.1,54.7,96.0,98.0,95.0,87.0,0.0,0.0,0.0,0.0,21799.0,20253.0,20147.0,19795.0,18.0,18.0,18.0,18.0
2025-06-19 16:25:26,60.0,54.7,65.0,98.0,98.0,72.0,0.0,0.0,0.0,0.0,21799.0,20253.0,20147.0,19795.0,18.0,18.0,18.0,18.0
2025-06-19 16:25:27,49.0,54.7,78.0,100.0,72.0,87.0,0.0,0.0,0.0,0.0,21799.0,20253.0,20147.0,19795.0,18.0,18.0,18.0,18.0
2025-06-19 16:25:28,56.4,54.7,99.0,95.0,96.0,95.0,0.0,0.0,0.0,0.0,21799.0,20253.0,20147.0,19795.0,18.0,18.0,18.0,18.0
2025-06-19 16:25:30,57.2,54.7,96.0,97.0,95.0,76.0,0.0,0.0,0.0,0.0,21799.0,20253.0,20147.0,19795.0,18.0,18.0,18.0,18.0
2025-06-19 16:25:31,61.7,54.7,81.0,72.0,95.0,79.0,0.0,0.0,0.0,0.0,21799.0,20253.0,20147.0,19795.0,18.0,18.0,18.0,18.0
2025-06-19 16:25:32,45.4,54.7,49.0,54.0,40.0,10.0,0.0,0.0,0.0,0.0,21799.0,20253.0,20147.0,19795.0,18.0,18.0,18.0,18.0
2025-06-19 16:25:33,48.9,54.7,96.0,96.0,88.0,93.0,0.0,0.0,0.0,0.0,21799.0,20253.0,20147.0,19795.0,18.0,18.0,18.0,18.0
2025-06-19 16:25:34,60.8,54.7,95.0,85.0,90.0,93.0,0.0,0.0,0.0,0.0,21799.0,20253.0,20147.0,19795.0,18.0,18.0,18.0,18.0
2025-06-19 16:25:36,47.7,54.7,77.0,96.0,74.0,91.0,0.0,0.0,0.0,0.0,21799.0,20253.0,20147.0,19795.0,18.0,18.0,18.0,18.0
2025-06-19 16:25:37,56.0,54.7,97.0,91.0,96.0,93.0,0.0,0.0,0.0,0.0,21799.0,20253.0,20147.0,19795.0,18.0,18.0,18.0,18.0
2025-06-19 16:25:38,58.0,54.7,67.0,67.0,65.0,70.0,0.0,0.0,0.0,0.0,21799.0,20253.0,20147.0,19795.0,18.0,18.0,18.0,18.0
2025-06-19 16:25:39,46.8,54.7,100.0,71.0,99.0,79.0,0.0,0.0,0.0,0.0,21799.0,20253.0,20147.0,19795.0,18.0,18.0,18.0,18.0
2025-06-19 16:25:41,56.7,54.7,95.0,88.0,94.0,87.0,0.0,0.0,0.0,0.0,21799.0,20253.0,20147.0,19795.0,18.0,18.0,18.0,18.0
2025-06-19 16:25:42,61.1,54.7,92.0,86.0,81.0,70.0,0.0,0.0,0.0,0.0,21799.0,20253.0,20147.0,19795.0,18.0,18.0,18.0,18.0
2025-06-19 16:25:43,49.2,54.7,95.0,95.0,50.0,65.0,0.0,0.0,0.0,0.0,21799.0,20253.0,20147.0,19795.0,18.0,18.0,18.0,18.0
2025-06-19 16:25:44,53.2,54.7,93.0,79.0,92.0,95.0,0.0,0.0,0.0,0.0,21799.0,20253.0,20147.0,19795.0,18.0,18.0,18.0,18.0
2025-06-19 16:25:45,57.8,54.7,90.0,59.0,96.0,89.0,0.0,0.0,0.0,0.0,21799.0,20253.0,20147.0,19795.0,18.0,18.0,18.0,18.0
2025-06-19 16:25:46,48.7,54.7,100.0,96.0,91.0,99.0,0.0,0.0,0.0,0.0,21799.0,20253.0,20147.0,19795.0,18.0,18.0,18.0,18.0
2025-06-19 16:25:48,57.1,54.7,97.0,90.0,95.0,80.0,0.0,0.0,0.0,0.0,21799.0,20253.0,20147.0,19795.0,18.0,18.0,18.0,18.0
2025-06-19 16:25:49,58.3,54.7,66.0,63.0,65.0,52.0,0.0,0.0,0.0,0.0,21799.0,20253.0,20147.0,19795.0,18.0,18.0,18.0,18.0
2025-06-19 16:25:50,45.6,54.7,90.0,87.0,94.0,99.0,0.0,0.0,0.0,0.0,21799.0,20253.0,20147.0,19795.0,18.0,18.0,18.0,18.0
2025-06-19 16:25:51,56.5,54.7,97.0,94.0,91.0,95.0,0.0,0.0,0.0,0.0,21799.0,20253.0,20147.0,19795.0,18.0,18.0,18.0,18.0
2025-06-19 16:25:52,61.2,54.7,59.0,82.0,45.0,81.0,0.0,0.0,0.0,0.0,21799.0,20253.0,20147.0,19795.0,18.0,18.0,18.0,18.0
2025-06-19 16:25:54,51.5,54.7,77.0,65.0,41.0,53.0,0.0,0.0,0.0,0.0,21799.0,20253.0,20147.0,19795.0,18.0,18.0,18.0,18.0
2025-06-19 16:25:55,52.1,54.7,94.0,85.0,99.0,95.0,0.0,0.0,0.0,0.0,21799.0,20253.0,20147.0,19795.0,18.0,18.0,18.0,18.0
2025-06-19 16:25:56,58.1,54.7,91.0,88.0,82.0,58.0,0.0,0.0,0.0,0.0,21799.0,20253.0,20147.0,19795.0,18.0,18.0,18.0,18.0
2025-06-19 16:25:57,49.4,54.7,75.0,83.0,71.0,49.0,0.0,0.0,0.0,0.0,21799.0,20253.0,20147.0,19795.0,18.0,18.0,18.0,18.0
2025-06-19 16:25:58,54.1,54.7,96.0,92.0,91.0,98.0,0.0,0.0,0.0,0.0,21799.0,20253.0,20147.0,19795.0,18.0,18.0,18.0,18.0
2025-06-19 16:26:00,58.0,54.7,24.0,85.0,82.0,86.0,0.0,0.0,0.0,0.0,21799.0,20253.0,20147.0,19795.0,18.0,18.0,18.0,18.0
2025-06-19 16:26:01,43.1,54.7,97.0,70.0,47.0,36.0,0.0,0.0,0.0,0.0,21799.0,20253.0,20147.0,19795.0,18.0,18.0,18.0,18.0
2025-06-19 16:26:02,54.8,54.7,95.0,95.0,85.0,91.0,0.0,0.0,0.0,0.0,21799.0,20253.0,20147.0,19795.0,18.0,18.0,18.0,18.0
2025-06-19 16:26:03,56.4,54.7,95.0,94.0,93.0,91.0,0.0,0.0,0.0,0.0,21799.0,20253.0,20147.0,19795.0,18.0,18.0,18.0,18.0
2025-06-19 16:26:04,51.5,54.7,90.0,51.0,76.0,31.0,0.0,0.0,0.0,0.0,21799.0,20253.0,20147.0,19795.0,18.0,18.0,18.0,18.0
2025-06-19 16:26:06,51.0,54.7,94.0,100.0,100.0,97.0,0.0,0.0,0.0,0.0,21799.0,20253.0,20147.0,19795.0,18.0,18.0,18.0,18.0
2025-06-19 16:26:07,59.7,54.7,97.0,88.0,96.0,73.0,0.0,0.0,0.0,0.0,21799.0,20253.0,20147.0,19795.0,18.0,18.0,18.0,18.0
2025-06-19 16:26:08,52.7,54.7,65.0,80.0,53.0,91.0,0.0,0.0,0.0,0.0,21799.0,20253.0,20147.0,19795.0,18.0,18.0,18.0,18.0
2025-06-19 16:26:09,50.8,54.7,97.0,94.0,95.0,70.0,0.0,0.0,0.0,0.0,21799.0,20253.0,20147.0,19795.0,18.0,18.0,18.0,18.0
2025-06-19 16:26:10,61.0,54.7,38.0,92.0,67.0,95.0,0.0,0.0,0.0,0.0,21799.0,20253.0,20147.0,19795.0,18.0,18.0,18.0,18.0
2025-06-19 16:26:12,48.6,54.7,89.0,30.0,83.0,74.0,0.0,0.0,0.0,0.0,21799.0,20253.0,20147.0,19795.0,18.0,18.0,18.0,18.0
2025-06-19 16:26:13,51.7,54.7,85.0,87.0,96.0,100.0,0.0,0.0,0.0,0.0,21799.0,20253.0,20147.0,19795.0,18.0,18.0,18.0,18.0
2025-06-19 16:26:14,60.1,54.7,92.0,83.0,94.0,94.0,0.0,0.0,0.0,0.0,21799.0,20253.0,20147.0,19795.0,18.0,18.0,18.0,18.0
2025-06-19 16:26:15,54.1,54.7,57.0,66.0,60.0,46.0,0.0,0.0,0.0,0.0,21799.0,20253.0,20147.0,19795.0,18.0,18.0,18.0,18.0
2025-06-19 16:26:16,50.8,54.7,100.0,79.0,100.0,97.0,0.0,0.0,0.0,0.0,21799.0,20253.0,20147.0,19795.0,18.0,18.0,18.0,18.0
2025-06-19 16:26:18,57.9,54.7,96.0,95.0,87.0,94.0,0.0,0.0,0.0,0.0,21799.0,20253.0,20147.0,19795.0,18.0,18.0,18.0,18.0
2025-06-19 16:26:19,59.2,54.8,55.0,74.0,74.0,86.0,0.0,0.0,0.0,0.0,21799.0,20253.0,20147.0,19795.0,18.0,18.0,18.0,18.0
2025-06-19 16:26:20,48.1,54.8,85.0,100.0,84.0,99.0,0.0,0.0,0.0,0.0,21799.0,20253.0,20147.0,19795.0,18.0,18.0,18.0,18.0
2025-06-19 16:26:21,53.9,54.7,96.0,92.0,97.0,88.0,0.0,0.0,0.0,0.0,21799.0,20253.0,20147.0,19795.0,18.0,18.0,18.0,18.0
2025-06-19 16:26:22,57.7,54.8,97.0,94.0,88.0,39.0,0.0,0.0,0.0,0.0,21799.0,20253.0,20147.0,19795.0,18.0,18.0,18.0,18.0
2025-06-19 16:26:24,52.5,54.8,49.0,61.0,62.0,61.0,0.0,0.0,0.0,0.0,21799.0,20253.0,20147.0,19795.0,18.0,18.0,18.0,18.0
2025-06-19 16:26:25,55.6,54.8,76.0,100.0,99.0,100.0,0.0,0.0,0.0,0.0,21799.0,20253.0,20147.0,19795.0,18.0,18.0,18.0,18.0
2025-06-19 16:26:26,56.2,54.8,97.0,93.0,98.0,98.0,0.0,0.0,0.0,0.0,21799.0,20253.0,20147.0,19795.0,18.0,18.0,18.0,18.0
2025-06-19 16:26:27,56.8,54.7,84.0,89.0,59.0,79.0,0.0,0.0,0.0,0.0,21799.0,20253.0,20147.0,19795.0,18.0,18.0,18.0,18.0
2025-06-19 16:26:28,48.9,54.7,90.0,35.0,86.0,57.0,0.0,0.0,0.0,0.0,21799.0,20253.0,20147.0,19795.0,18.0,18.0,18.0,18.0
2025-06-19 16:26:30,55.7,54.7,100.0,98.0,100.0,96.0,0.0,0.0,0.0,0.0,21799.0,20253.0,20147.0,19795.0,18.0,18.0,18.0,18.0
2025-06-19 16:26:31,51.8,54.8,100.0,99.0,97.0,88.0,0.0,0.0,0.0,0.0,21799.0,20253.0,20147.0,19795.0,18.0,18.0,18.0,18.0
2025-06-19 16:26:32,58.9,54.7,97.0,95.0,94.0,89.0,0.0,0.0,0.0,0.0,21799.0,20253.0,20147.0,19795.0,18.0,18.0,18.0,18.0
2025-06-19 16:26:33,58.6,54.8,39.0,50.0,67.0,64.0,0.0,0.0,0.0,0.0,21799.0,20253.0,20147.0,19795.0,18.0,18.0,18.0,18.0
2025-06-19 16:26:34,52.2,54.8,82.0,84.0,76.0,73.0,0.0,0.0,0.0,0.0,21799.0,20253.0,20147.0,19795.0,18.0,18.0,18.0,18.0
2025-06-19 16:26:36,52.7,54.8,100.0,99.0,94.0,100.0,0.0,0.0,0.0,0.0,21799.0,20253.0,20147.0,19795.0,18.0,18.0,18.0,18.0
2025-06-19 16:26:37,57.1,54.8,98.0,96.0,95.0,99.0,0.0,0.0,0.0,0.0,21799.0,20253.0,20147.0,19795.0,18.0,18.0,18.0,18.0
2025-06-19 16:26:38,62.3,54.8,68.0,98.0,80.0,58.0,0.0,0.0,0.0,0.0,21799.0,20253.0,20147.0,19795.0,18.0,18.0,18.0,18.0
2025-06-19 16:26:39,53.5,54.8,84.0,94.0,70.0,57.0,0.0,0.0,0.0,0.0,21799.0,20253.0,20147.0,19795.0,18.0,18.0,18.0,18.0
2025-06-19 16:26:40,54.4,54.8,95.0,73.0,60.0,93.0,0.0,0.0,0.0,0.0,21799.0,20253.0,20147.0,19795.0,18.0,18.0,18.0,18.0
2025-06-19 16:26:42,55.3,54.8,97.0,100.0,95.0,97.0,0.0,0.0,0.0,0.0,21799.0,20253.0,20147.0,19795.0,18.0,18.0,18.0,18.0
2025-06-19 16:26:43,56.8,54.8,98.0,96.0,94.0,91.0,0.0,0.0,0.0,0.0,21799.0,20253.0,20147.0,19795.0,18.0,18.0,18.0,18.0
2025-06-19 16:26:44,57.9,54.8,93.0,78.0,14.0,86.0,0.0,0.0,0.0,0.0,21799.0,20253.0,20147.0,19795.0,18.0,18.0,18.0,18.0
2025-06-19 16:26:45,50.9,54.8,100.0,68.0,84.0,86.0,0.0,0.0,0.0,0.0,21799.0,20253.0,20147.0,19795.0,18.0,18.0,18.0,18.0
2025-06-19 16:26:46,52.1,54.8,100.0,100.0,94.0,97.0,0.0,0.0,0.0,0.0,21799.0,20253.0,20147.0,19795.0,18.0,18.0,18.0,18.0
2025-06-19 16:26:48,57.0,54.8,100.0,90.0,99.0,100.0,0.0,0.0,0.0,0.0,21799.0,20253.0,20147.0,19795.0,18.0,18.0,18.0,18.0
2025-06-19 16:26:49,53.4,54.8,99.0,95.0,88.0,94.0,0.0,0.0,0.0,0.0,21799.0,20253.0,20147.0,19795.0,18.0,18.0,18.0,18.0
2025-06-19 16:26:50,61.1,54.8,97.0,96.0,91.0,89.0,0.0,0.0,0.0,0.0,21799.0,20253.0,20147.0,19795.0,18.0,18.0,18.0,18.0
2025-06-19 16:26:51,60.3,54.8,76.0,91.0,76.0,98.0,0.0,0.0,0.0,0.0,21799.0,20253.0,20147.0,19795.0,18.0,18.0,18.0,18.0
2025-06-19 16:26:52,47.0,54.8,100.0,79.0,94.0,77.0,0.0,0.0,0.0,0.0,21799.0,20253.0,20147.0,19795.0,18.0,18.0,18.0,18.0
2025-06-19 16:26:54,59.1,54.8,95.0,100.0,85.0,94.0,0.0,0.0,0.0,0.0,21799.0,20253.0,20147.0,19795.0,18.0,18.0,18.0,18.0
2025-06-19 16:26:55,55.7,54.8,95.0,95.0,97.0,96.0,0.0,0.0,0.0,0.0,21799.0,20253.0,20147.0,19795.0,18.0,18.0,18.0,18.0
2025-06-19 16:26:56,59.9,54.8,95.0,95.0,95.0,91.0,0.0,0.0,0.0,0.0,21799.0,20253.0,20147.0,19795.0,18.0,18.0,18.0,18.0
2025-06-19 16:26:57,60.0,54.8,81.0,78.0,78.0,89.0,0.0,0.0,0.0,0.0,21799.0,20253.0,20147.0,19795.0,18.0,18.0,18.0,18.0
2025-06-19 16:26:58,49.9,54.8,97.0,100.0,100.0,81.0,0.0,0.0,0.0,0.0,21799.0,20253.0,20147.0,19795.0,18.0,18.0,18.0,18.0
2025-06-19 16:26:59,50.3,54.8,88.0,81.0,90.0,96.0,0.0,0.0,0.0,0.0,21799.0,20253.0,20147.0,19795.0,18.0,18.0,18.0,18.0
2025-06-19 16:27:01,59.0,54.8,87.0,93.0,95.0,97.0,0.0,0.0,0.0,0.0,21799.0,20253.0,20147.0,19795.0,18.0,18.0,18.0,18.0
2025-06-19 16:27:02,63.5,54.8,87.0,84.0,81.0,81.0,0.0,0.0,0.0,0.0,21799.0,20253.0,20147.0,19795.0,18.0,18.0,18.0,18.0
2025-06-19 16:27:03,54.5,54.7,75.0,73.0,71.0,72.0,0.0,0.0,0.0,0.0,21799.0,20253.0,20147.0,19795.0,18.0,18.0,18.0,18.0
2025-06-19 16:27:04,50.9,54.7,100.0,100.0,95.0,100.0,0.0,0.0,0.0,0.0,21799.0,20253.0,20147.0,19795.0,18.0,18.0,18.0,18.0
2025-06-19 16:27:05,57.0,54.7,94.0,86.0,98.0,94.0,0.0,0.0,0.0,0.0,21799.0,20253.0,20147.0,19795.0,18.0,18.0,18.0,18.0
2025-06-19 16:27:07,61.1,54.7,96.0,82.0,96.0,96.0,0.0,0.0,0.0,0.0,21799.0,20253.0,20147.0,19795.0,18.0,18.0,18.0,18.0
2025-06-19 16:27:08,53.2,54.7,97.0,86.0,55.0,59.0,0.0,0.0,0.0,0.0,21799.0,20253.0,20147.0,19795.0,18.0,18.0,18.0,18.0
2025-06-19 16:27:09,51.7,54.7,100.0,68.0,79.0,80.0,0.0,0.0,0.0,0.0,21799.0,20253.0,20147.0,19795.0,18.0,18.0,18.0,18.0
2025-06-19 16:27:10,55.2,54.7,98.0,96.0,91.0,100.0,0.0,0.0,0.0,0.0,21799.0,20253.0,20147.0,19795.0,18.0,18.0,18.0,18.0
2025-06-19 16:27:11,57.5,54.7,96.0,98.0,94.0,89.0,0.0,0.0,0.0,0.0,21799.0,20253.0,20147.0,19795.0,18.0,18.0,18.0,18.0
2025-06-19 16:27:12,62.1,54.7,83.0,99.0,72.0,83.0,0.0,0.0,0.0,0.0,21799.0,20253.0,20147.0,19795.0,18.0,18.0,18.0,18.0
2025-06-19 16:27:14,49.7,54.7,78.0,44.0,61.0,43.0,0.0,0.0,0.0,0.0,21799.0,20253.0,20147.0,19795.0,18.0,18.0,18.0,18.0
2025-06-19 16:27:15,55.4,54.7,89.0,96.0,78.0,90.0,0.0,0.0,0.0,0.0,21799.0,20253.0,20147.0,19795.0,18.0,18.0,18.0,18.0
2025-06-19 16:27:16,62.9,54.7,97.0,98.0,67.0,96.0,0.0,0.0,0.0,0.0,21799.0,20253.0,20147.0,19795.0,18.0,18.0,18.0,18.0
2025-06-19 16:27:17,54.3,54.7,60.0,78.0,79.0,76.0,0.0,0.0,0.0,0.0,21799.0,20253.0,20147.0,19795.0,18.0,18.0,18.0,18.0
2025-06-19 16:27:18,52.8,54.8,100.0,87.0,100.0,45.0,0.0,0.0,0.0,0.0,21799.0,20253.0,20147.0,19795.0,18.0,18.0,18.0,18.0
2025-06-19 16:27:20,52.7,54.8,98.0,100.0,84.0,92.0,0.0,0.0,0.0,0.0,21799.0,20253.0,20147.0,19795.0,18.0,18.0,18.0,18.0
2025-06-19 16:27:21,55.9,54.8,95.0,95.0,96.0,93.0,0.0,0.0,0.0,0.0,21799.0,20253.0,20147.0,19795.0,18.0,18.0,18.0,18.0
2025-06-19 16:27:22,59.0,54.8,96.0,98.0,99.0,99.0,0.0,0.0,0.0,0.0,21799.0,20253.0,20147.0,19795.0,18.0,18.0,18.0,18.0
2025-06-19 16:27:23,58.4,54.7,93.0,81.0,92.0,72.0,0.0,0.0,0.0,0.0,21799.0,20253.0,20147.0,19795.0,18.0,18.0,18.0,18.0
2025-06-19 16:27:24,48.3,54.7,97.0,52.0,79.0,50.0,0.0,0.0,0.0,0.0,21799.0,20253.0,20147.0,19795.0,18.0,18.0,18.0,18.0
2025-06-19 16:27:26,54.9,54.7,100.0,100.0,94.0,100.0,0.0,0.0,0.0,0.0,21799.0,20253.0,20147.0,19795.0,18.0,18.0,18.0,18.0
2025-06-19 16:27:27,55.9,54.7,95.0,87.0,97.0,90.0,0.0,0.0,0.0,0.0,21799.0,20253.0,20147.0,19795.0,18.0,18.0,18.0,18.0
2025-06-19 16:27:28,63.5,54.7,99.0,83.0,95.0,99.0,0.0,0.0,0.0,0.0,21799.0,20253.0,20147.0,19795.0,18.0,18.0,18.0,18.0
2025-06-19 16:27:29,55.1,54.8,59.0,86.0,79.0,76.0,0.0,0.0,0.0,0.0,21799.0,20253.0,20147.0,19795.0,18.0,18.0,18.0,18.0
2025-06-19 16:27:30,54.7,54.8,65.0,58.0,61.0,57.0,0.0,0.0,0.0,0.0,21799.0,20253.0,20147.0,19795.0,18.0,18.0,18.0,18.0
2025-06-19 16:27:32,50.6,54.8,96.0,92.0,94.0,95.0,0.0,0.0,0.0,0.0,21799.0,20253.0,20147.0,19795.0,18.0,18.0,18.0,18.0
2025-06-19 16:27:33,62.5,54.8,96.0,96.0,96.0,96.0,0.0,0.0,0.0,0.0,21799.0,20253.0,20147.0,19795.0,18.0,18.0,18.0,18.0
2025-06-19 16:27:34,59.8,54.8,84.0,85.0,63.0,93.0,0.0,0.0,0.0,0.0,21799.0,20253.0,20147.0,19795.0,18.0,18.0,18.0,18.0
2025-06-19 16:27:35,44.4,54.8,100.0,88.0,100.0,100.0,0.0,0.0,0.0,0.0,21799.0,20253.0,20147.0,19795.0,18.0,18.0,18.0,18.0
2025-06-19 16:27:36,59.3,54.8,100.0,84.0,84.0,55.0,0.0,0.0,0.0,0.0,21799.0,20253.0,20147.0,19795.0,18.0,18.0,18.0,18.0
2025-06-19 16:27:38,56.9,54.8,100.0,82.0,98.0,100.0,0.0,0.0,0.0,0.0,21799.0,20253.0,20147.0,19795.0,18.0,18.0,18.0,18.0
2025-06-19 16:27:39,59.6,54.8,95.0,97.0,98.0,95.0,0.0,0.0,0.0,0.0,21799.0,20253.0,20147.0,19795.0,18.0,18.0,18.0,18.0
2025-06-19 16:27:40,64.3,54.8,89.0,91.0,91.0,88.0,0.0,0.0,0.0,0.0,21799.0,20253.0,20147.0,19795.0,18.0,18.0,18.0,18.0
2025-06-19 16:27:41,49.0,54.7,46.0,75.0,27.0,43.0,0.0,0.0,0.0,0.0,21799.0,20253.0,20147.0,19795.0,18.0,18.0,18.0,18.0
2025-06-19 16:27:42,53.6,54.7,91.0,91.0,98.0,100.0,0.0,0.0,0.0,0.0,21799.0,20253.0,20147.0,19795.0,18.0,18.0,18.0,18.0
2025-06-19 16:27:43,59.4,54.7,85.0,99.0,95.0,95.0,0.0,0.0,0.0,0.0,21799.0,20253.0,20147.0,19795.0,18.0,18.0,18.0,18.0
2025-06-19 16:27:45,50.4,54.7,80.0,59.0,79.0,77.0,0.0,0.0,0.0,0.0,21799.0,20253.0,20147.0,19795.0,18.0,18.0,18.0,18.0
2025-06-19 16:27:46,52.5,54.7,91.0,92.0,78.0,89.0,0.0,0.0,0.0,0.0,21799.0,20253.0,20147.0,19795.0,18.0,18.0,18.0,18.0
2025-06-19 16:27:47,57.1,54.7,97.0,77.0,69.0,67.0,0.0,0.0,0.0,0.0,21799.0,20253.0,20147.0,19795.0,18.0,18.0,18.0,18.0
2025-06-19 16:27:48,54.7,54.7,96.0,64.0,83.0,57.0,0.0,0.0,0.0,0.0,21799.0,20253.0,20147.0,19795.0,18.0,18.0,18.0,18.0
2025-06-19 16:27:50,54.9,54.7,85.0,100.0,100.0,100.0,0.0,0.0,0.0,0.0,21799.0,20253.0,20147.0,19795.0,18.0,18.0,18.0,18.0
2025-06-19 16:27:51,59.2,54.8,100.0,95.0,100.0,97.0,0.0,0.0,0.0,0.0,21799.0,20253.0,20147.0,19795.0,18.0,18.0,18.0,18.0
2025-06-19 16:27:52,56.0,54.8,77.0,99.0,95.0,94.0,0.0,0.0,0.0,0.0,21799.0,20253.0,20147.0,19795.0,18.0,18.0,18.0,18.0
2025-06-19 16:27:53,63.4,54.7,97.0,96.0,98.0,96.0,0.0,0.0,0.0,0.0,21799.0,20253.0,20147.0,19795.0,18.0,18.0,18.0,18.0
2025-06-19 16:27:54,52.7,54.7,80.0,53.0,10.0,86.0,0.0,0.0,0.0,0.0,21799.0,20253.0,20147.0,19795.0,18.0,18.0,18.0,18.0
2025-06-19 16:27:56,50.9,54.7,100.0,99.0,96.0,92.0,0.0,0.0,0.0,0.0,21799.0,20253.0,20147.0,19795.0,18.0,18.0,18.0,18.0
2025-06-19 16:27:57,53.6,54.7,95.0,93.0,86.0,96.0,0.0,0.0,0.0,0.0,21799.0,20253.0,20147.0,19795.0,18.0,18.0,18.0,18.0
2025-06-19 16:27:58,62.1,54.7,95.0,98.0,94.0,96.0,0.0,0.0,0.0,0.0,21799.0,20253.0,20147.0,19795.0,18.0,18.0,18.0,18.0
2025-06-19 16:27:59,58.6,54.8,88.0,77.0,94.0,84.0,0.0,0.0,0.0,0.0,21799.0,20253.0,20147.0,19795.0,18.0,18.0,18.0,18.0
2025-06-19 16:28:00,49.1,54.8,67.0,80.0,82.0,87.0,0.0,0.0,0.0,0.0,21799.0,20253.0,20147.0,19795.0,18.0,18.0,18.0,18.0
2025-06-19 16:28:02,53.9,54.8,92.0,100.0,100.0,93.0,0.0,0.0,0.0,0.0,21799.0,20253.0,20147.0,19795.0,18.0,18.0,18.0,18.0
2025-06-19 16:28:03,57.6,54.8,95.0,93.0,96.0,99.0,0.0,0.0,0.0,0.0,21799.0,20253.0,20147.0,19795.0,18.0,18.0,18.0,18.0
2025-06-19 16:28:04,60.9,54.7,97.0,96.0,93.0,100.0,0.0,0.0,0.0,0.0,21799.0,20253.0,20147.0,19795.0,18.0,18.0,18.0,18.0
2025-06-19 16:28:05,53.3,54.7,85.0,47.0,80.0,83.0,0.0,0.0,0.0,0.0,21799.0,20253.0,20147.0,19795.0,18.0,18.0,18.0,18.0
2025-06-19 16:28:06,51.6,54.7,100.0,93.0,89.0,97.0,0.0,0.0,0.0,0.0,21799.0,20253.0,20147.0,19795.0,18.0,18.0,18.0,18.0
2025-06-19 16:28:08,51.4,54.7,97.0,96.0,94.0,92.0,0.0,0.0,0.0,0.0,21799.0,20253.0,20147.0,19795.0,18.0,18.0,18.0,18.0
2025-06-19 16:28:09,65.6,54.8,88.0,91.0,94.0,98.0,0.0,0.0,0.0,0.0,21799.0,20253.0,20147.0,19795.0,18.0,18.0,18.0,18.0
2025-06-19 16:28:10,52.5,54.8,84.0,80.0,70.0,96.0,0.0,0.0,0.0,0.0,21799.0,20253.0,20147.0,19795.0,18.0,18.0,18.0,18.0
2025-06-19 16:28:11,55.3,54.8,69.0,73.0,75.0,70.0,0.0,0.0,0.0,0.0,21799.0,20253.0,20147.0,19795.0,18.0,18.0,18.0,18.0
2025-06-19 16:28:12,55.9,54.8,94.0,90.0,89.0,100.0,0.0,0.0,0.0,0.0,21799.0,20253.0,20147.0,19795.0,18.0,18.0,18.0,18.0
2025-06-19 16:28:14,54.6,54.7,96.0,88.0,93.0,98.0,0.0,0.0,0.0,0.0,21799.0,20253.0,20147.0,19795.0,18.0,18.0,18.0,18.0
2025-06-19 16:28:15,61.0,54.7,99.0,83.0,63.0,97.0,0.0,0.0,0.0,0.0,21799.0,20253.0,20147.0,19795.0,18.0,18.0,18.0,18.0
2025-06-19 16:28:16,47.4,54.7,87.0,74.0,87.0,87.0,0.0,0.0,0.0,0.0,21799.0,20253.0,20147.0,19795.0,18.0,18.0,18.0,18.0
2025-06-19 16:28:17,53.5,54.7,93.0,61.0,66.0,63.0,0.0,0.0,0.0,0.0,21799.0,20253.0,20147.0,19795.0,18.0,18.0,18.0,18.0
2025-06-19 16:28:18,57.3,54.7,90.0,100.0,100.0,95.0,0.0,0.0,0.0,0.0,21799.0,20253.0,20147.0,19795.0,18.0,18.0,18.0,18.0
2025-06-19 16:28:20,55.8,54.7,97.0,83.0,97.0,90.0,0.0,0.0,0.0,0.0,21799.0,20253.0,20147.0,19795.0,18.0,18.0,18.0,18.0
2025-06-19 16:28:21,61.0,54.7,90.0,96.0,98.0,97.0,0.0,0.0,0.0,0.0,21799.0,20253.0,20147.0,19795.0,18.0,18.0,18.0,18.0
2025-06-19 16:28:22,55.8,54.8,75.0,81.0,78.0,84.0,0.0,0.0,0.0,0.0,21799.0,20253.0,20147.0,19795.0,18.0,18.0,18.0,18.0
2025-06-19 16:28:23,60.3,54.8,82.0,53.0,51.0,70.0,0.0,0.0,0.0,0.0,21799.0,20253.0,20147.0,19795.0,18.0,18.0,18.0,18.0
2025-06-19 16:28:24,53.2,54.7,100.0,100.0,90.0,95.0,0.0,0.0,0.0,0.0,21799.0,20253.0,20147.0,19795.0,18.0,18.0,18.0,18.0
2025-06-19 16:28:25,60.0,54.7,97.0,97.0,90.0,98.0,0.0,0.0,0.0,0.0,21799.0,20253.0,20147.0,19795.0,18.0,18.0,18.0,18.0
2025-06-19 16:28:27,59.9,54.7,92.0,89.0,95.0,94.0,0.0,0.0,0.0,0.0,21799.0,20253.0,20147.0,19795.0,18.0,18.0,18.0,18.0
2025-06-19 16:28:28,53.5,54.7,79.0,72.0,84.0,87.0,0.0,0.0,0.0,0.0,21799.0,20253.0,20147.0,19795.0,18.0,18.0,18.0,18.0
2025-06-19 16:28:29,52.5,54.7,94.0,96.0,96.0,91.0,0.0,0.0,0.0,0.0,21799.0,20253.0,20147.0,19795.0,18.0,18.0,18.0,18.0
2025-06-19 16:28:30,55.0,54.7,97.0,99.0,96.0,91.0,0.0,0.0,0.0,0.0,21799.0,20253.0,20147.0,19795.0,18.0,18.0,18.0,18.0
2025-06-19 16:28:31,63.5,54.7,59.0,89.0,98.0,93.0,0.0,0.0,0.0,0.0,21799.0,20253.0,20147.0,19795.0,18.0,18.0,18.0,18.0
2025-06-19 16:28:32,50.2,54.7,70.0,65.0,59.0,84.0,0.0,0.0,0.0,0.0,21799.0,20253.0,20147.0,19795.0,18.0,18.0,18.0,18.0
2025-06-19 16:28:34,51.8,54.8,95.0,96.0,98.0,98.0,0.0,0.0,0.0,0.0,21799.0,20253.0,20147.0,19795.0,18.0,18.0,18.0,18.0
2025-06-19 16:28:35,56.7,54.8,95.0,99.0,97.0,68.0,0.0,0.0,0.0,0.0,21799.0,20253.0,20147.0,19795.0,18.0,18.0,18.0,18.0
2025-06-19 16:28:36,52.8,54.8,91.0,91.0,81.0,73.0,0.0,0.0,0.0,0.0,21799.0,20253.0,20147.0,19795.0,18.0,18.0,18.0,18.0
2025-06-19 16:28:37,61.5,54.8,96.0,95.0,95.0,90.0,0.0,0.0,0.0,0.0,21799.0,20253.0,20147.0,19795.0,18.0,18.0,18.0,18.0
2025-06-19 16:28:39,63.8,54.8,74.0,50.0,75.0,74.0,0.0,0.0,0.0,0.0,21799.0,20253.0,20147.0,19795.0,18.0,18.0,18.0,18.0
2025-06-19 16:28:40,50.5,54.8,100.0,63.0,84.0,65.0,0.0,0.0,0.0,0.0,21799.0,20253.0,20147.0,19795.0,18.0,18.0,18.0,18.0
2025-06-19 16:28:41,57.5,54.8,99.0,82.0,80.0,89.0,0.0,0.0,0.0,0.0,21799.0,20253.0,20147.0,19795.0,18.0,18.0,18.0,18.0
2025-06-19 16:28:42,54.9,54.8,97.0,99.0,96.0,92.0,0.0,0.0,0.0,0.0,21799.0,20253.0,20147.0,19795.0,18.0,18.0,18.0,18.0
2025-06-19 16:28:43,64.1,54.8,98.0,97.0,80.0,99.0,0.0,0.0,0.0,0.0,21799.0,20253.0,20147.0,19795.0,18.0,18.0,18.0,18.0
2025-06-19 16:28:44,55.9,54.8,58.0,94.0,88.0,58.0,0.0,0.0,0.0,0.0,21799.0,20253.0,20147.0,19795.0,18.0,18.0,18.0,18.0
2025-06-19 16:28:46,54.7,54.8,90.0,64.0,81.0,79.0,0.0,0.0,0.0,0.0,21799.0,20253.0,20147.0,19795.0,18.0,18.0,18.0,18.0
2025-06-19 16:28:47,54.6,54.8,100.0,50.0,100.0,96.0,0.0,0.0,0.0,0.0,21799.0,20253.0,20147.0,19795.0,18.0,18.0,18.0,18.0
2025-06-19 16:28:48,56.4,54.8,93.0,90.0,100.0,100.0,0.0,0.0,0.0,0.0,21799.0,20253.0,20147.0,19795.0,18.0,18.0,18.0,18.0
2025-06-19 16:28:49,58.6,54.8,99.0,99.0,96.0,89.0,0.0,0.0,0.0,0.0,21799.0,20253.0,20147.0,19795.0,18.0,18.0,18.0,18.0
2025-06-19 16:28:51,54.5,54.8,96.0,85.0,98.0,100.0,0.0,0.0,0.0,0.0,21799.0,20253.0,20147.0,19795.0,18.0,18.0,18.0,18.0
2025-06-19 16:28:52,61.9,54.8,94.0,88.0,98.0,93.0,0.0,0.0,0.0,0.0,21799.0,20253.0,20147.0,19795.0,18.0,18.0,18.0,18.0
2025-06-19 16:28:53,58.4,54.8,98.0,98.0,98.0,95.0,0.0,0.0,0.0,0.0,21799.0,20253.0,20147.0,19795.0,18.0,18.0,18.0,18.0
2025-06-19 16:28:54,54.0,54.8,61.0,70.0,81.0,44.0,0.0,0.0,0.0,0.0,21799.0,20253.0,20147.0,19795.0,18.0,18.0,18.0,18.0
2025-06-19 16:28:55,53.7,54.8,95.0,71.0,81.0,60.0,0.0,0.0,0.0,0.0,21799.0,20253.0,20147.0,19795.0,18.0,18.0,18.0,18.0
2025-06-19 16:28:57,58.1,54.8,100.0,100.0,89.0,98.0,0.0,0.0,0.0,0.0,21799.0,20253.0,20147.0,19795.0,18.0,18.0,18.0,18.0
2025-06-19 16:28:58,54.4,54.8,96.0,95.0,95.0,93.0,0.0,0.0,0.0,0.0,21799.0,20253.0,20147.0,19795.0,18.0,18.0,18.0,18.0
2025-06-19 16:28:59,63.3,54.8,97.0,87.0,91.0,92.0,0.0,0.0,0.0,0.0,21799.0,20253.0,20147.0,19795.0,18.0,18.0,18.0,18.0
2025-06-19 16:29:00,52.0,54.8,44.0,76.0,82.0,82.0,0.0,0.0,0.0,0.0,21799.0,20253.0,20147.0,19795.0,18.0,18.0,18.0,18.0
2025-06-19 16:29:01,55.0,54.8,73.0,47.0,60.0,70.0,0.0,0.0,0.0,0.0,21799.0,20253.0,20147.0,19795.0,18.0,18.0,18.0,18.0
2025-06-19 16:29:03,55.5,54.8,95.0,49.0,36.0,41.0,0.0,0.0,0.0,0.0,21799.0,20253.0,20147.0,19795.0,18.0,18.0,18.0,18.0
2025-06-19 16:29:04,50.8,54.8,77.0,87.0,72.0,64.0,0.0,0.0,0.0,0.0,21799.0,20253.0,20147.0,19795.0,18.0,18.0,18.0,18.0
2025-06-19 16:29:05,59.0,54.8,96.0,93.0,82.0,82.0,0.0,0.0,0.0,0.0,21799.0,20253.0,20147.0,19795.0,18.0,18.0,18.0,18.0
2025-06-19 16:29:06,59.6,54.8,44.0,69.0,91.0,74.0,0.0,0.0,0.0,0.0,21799.0,20253.0,20147.0,19795.0,18.0,18.0,18.0,18.0
2025-06-19 16:29:08,54.3,54.8,90.0,91.0,100.0,95.0,0.0,0.0,0.0,0.0,21799.0,20253.0,20147.0,19795.0,18.0,18.0,18.0,18.0
2025-06-19 16:29:09,58.2,54.8,98.0,99.0,98.0,95.0,0.0,0.0,0.0,0.0,21799.0,20253.0,20147.0,19795.0,18.0,18.0,18.0,18.0
2025-06-19 16:29:10,60.7,54.8,95.0,84.0,98.0,97.0,0.0,0.0,0.0,0.0,21799.0,20253.0,20147.0,19795.0,18.0,18.0,18.0,18.0
2025-06-19 16:29:11,54.2,54.8,89.0,75.0,72.0,69.0,0.0,0.0,0.0,0.0,21799.0,20253.0,20147.0,19795.0,18.0,18.0,18.0,18.0
2025-06-19 16:29:13,53.7,54.8,66.0,88.0,85.0,94.0,0.0,0.0,0.0,0.0,21799.0,20253.0,20147.0,19795.0,18.0,18.0,18.0,18.0
2025-06-19 16:29:14,56.0,54.8,93.0,95.0,100.0,98.0,0.0,0.0,0.0,0.0,21799.0,20253.0,20147.0,19795.0,18.0,18.0,18.0,18.0
2025-06-19 16:29:15,51.5,54.8,90.0,100.0,100.0,95.0,0.0,0.0,0.0,0.0,21799.0,20253.0,20147.0,19795.0,18.0,18.0,18.0,18.0
2025-06-19 16:29:16,54.2,54.8,98.0,95.0,89.0,97.0,0.0,0.0,0.0,0.0,21799.0,20253.0,20147.0,19795.0,18.0,18.0,18.0,18.0
2025-06-19 16:29:18,64.8,54.8,81.0,95.0,96.0,99.0,0.0,0.0,0.0,0.0,21799.0,20253.0,20147.0,19795.0,18.0,18.0,18.0,18.0
2025-06-19 16:29:19,51.8,54.8,82.0,84.0,42.0,66.0,0.0,0.0,0.0,0.0,21799.0,20253.0,20147.0,19795.0,18.0,18.0,18.0,18.0
2025-06-19 16:29:20,52.5,54.8,100.0,100.0,100.0,85.0,0.0,0.0,0.0,0.0,21799.0,20253.0,20147.0,19795.0,18.0,18.0,18.0,18.0
2025-06-19 16:29:21,57.2,54.8,95.0,93.0,89.0,98.0,0.0,0.0,0.0,0.0,21799.0,20253.0,20147.0,19795.0,18.0,18.0,18.0,18.0
2025-06-19 16:29:22,55.4,54.8,78.0,95.0,72.0,69.0,0.0,0.0,0.0,0.0,21799.0,20253.0,20147.0,19795.0,18.0,18.0,18.0,18.0
2025-06-19 16:29:23,52.2,54.8,73.0,95.0,93.0,91.0,0.0,0.0,0.0,0.0,21799.0,20253.0,20147.0,19795.0,18.0,18.0,18.0,18.0
2025-06-19 16:29:25,51.1,54.8,95.0,96.0,98.0,98.0,0.0,0.0,0.0,0.0,21799.0,20253.0,20147.0,19795.0,18.0,18.0,18.0,18.0
2025-06-19 16:29:26,63.7,54.8,94.0,85.0,97.0,98.0,0.0,0.0,0.0,0.0,21799.0,20253.0,20147.0,19795.0,18.0,18.0,18.0,18.0
2025-06-19 16:29:27,52.3,54.8,71.0,60.0,47.0,88.0,0.0,0.0,0.0,0.0,21799.0,20253.0,20147.0,19795.0,18.0,18.0,18.0,18.0
2025-06-19 16:29:28,49.5,54.8,73.0,85.0,87.0,80.0,0.0,0.0,0.0,0.0,21799.0,20253.0,20147.0,19795.0,18.0,18.0,18.0,18.0
2025-06-19 16:29:29,57.1,54.8,79.0,59.0,69.0,84.0,0.0,0.0,0.0,0.0,21799.0,20253.0,20147.0,19795.0,18.0,18.0,18.0,18.0
2025-06-19 16:29:31,54.2,54.8,100.0,96.0,98.0,98.0,0.0,0.0,0.0,0.0,21799.0,20253.0,20147.0,19795.0,18.0,18.0,18.0,18.0
2025-06-19 16:29:32,54.4,54.8,98.0,87.0,96.0,99.0,0.0,0.0,0.0,0.0,21799.0,20253.0,20147.0,19795.0,18.0,18.0,18.0,18.0
2025-06-19 16:29:33,59.6,54.8,71.0,82.0,68.0,5.0,0.0,0.0,0.0,0.0,21799.0,20253.0,20147.0,19795.0,18.0,18.0,18.0,18.0
2025-06-19 16:29:34,50.2,54.8,56.0,59.0,73.0,89.0,0.0,0.0,0.0,0.0,21799.0,20253.0,20147.0,19795.0,18.0,18.0,18.0,18.0
2025-06-19 16:29:35,54.6,54.8,100.0,80.0,100.0,73.0,0.0,0.0,0.0,0.0,21799.0,20253.0,20147.0,19795.0,18.0,18.0,18.0,18.0
2025-06-19 16:29:37,56.7,54.8,96.0,100.0,99.0,98.0,0.0,0.0,0.0,0.0,21799.0,20253.0,20147.0,19795.0,18.0,18.0,18.0,18.0
2025-06-19 16:29:38,53.1,54.8,98.0,96.0,95.0,97.0,0.0,0.0,0.0,0.0,21799.0,20253.0,20147.0,19795.0,18.0,18.0,18.0,18.0
2025-06-19 16:29:39,61.8,54.8,99.0,93.0,97.0,97.0,0.0,0.0,0.0,0.0,21799.0,20253.0,20147.0,19795.0,18.0,18.0,18.0,18.0
2025-06-19 16:29:40,53.8,54.8,63.0,97.0,14.0,73.0,0.0,0.0,0.0,0.0,21799.0,20253.0,20147.0,19795.0,18.0,18.0,18.0,18.0
2025-06-19 16:29:41,55.9,54.8,85.0,86.0,70.0,60.0,0.0,0.0,0.0,0.0,21799.0,20253.0,20147.0,19795.0,18.0,18.0,18.0,18.0
2025-06-19 16:29:43,51.0,54.8,100.0,98.0,92.0,100.0,0.0,0.0,0.0,0.0,21799.0,20253.0,20147.0,19795.0,18.0,18.0,18.0,18.0
2025-06-19 16:29:44,54.1,54.8,91.0,75.0,95.0,94.0,0.0,0.0,0.0,0.0,21799.0,20253.0,20147.0,19795.0,18.0,18.0,18.0,18.0
2025-06-19 16:29:45,60.5,54.8,70.0,88.0,91.0,78.0,0.0,0.0,0.0,0.0,21799.0,20253.0,20147.0,19795.0,18.0,18.0,18.0,18.0
2025-06-19 16:29:46,50.1,54.7,94.0,76.0,85.0,43.0,0.0,0.0,0.0,0.0,21799.0,20253.0,20147.0,19795.0,18.0,18.0,18.0,18.0
2025-06-19 16:29:47,55.3,54.8,88.0,82.0,84.0,58.0,0.0,0.0,0.0,0.0,21799.0,20253.0,20147.0,19795.0,18.0,18.0,18.0,18.0
2025-06-19 16:29:49,51.8,54.8,95.0,100.0,100.0,92.0,0.0,0.0,0.0,0.0,21799.0,20253.0,20147.0,19795.0,18.0,18.0,18.0,18.0
2025-06-19 16:29:50,60.8,54.8,97.0,88.0,100.0,98.0,0.0,0.0,0.0,0.0,21799.0,20253.0,20147.0,19795.0,18.0,18.0,18.0,18.0
2025-06-19 16:29:51,58.5,54.8,88.0,96.0,92.0,89.0,0.0,0.0,0.0,0.0,21799.0,20253.0,20147.0,19795.0,18.0,18.0,18.0,18.0
2025-06-19 16:29:52,54.5,54.8,63.0,65.0,65.0,61.0,0.0,0.0,0.0,0.0,21799.0,20253.0,20147.0,19795.0,18.0,18.0,18.0,18.0
2025-06-19 16:29:53,54.1,54.8,100.0,98.0,70.0,96.0,0.0,0.0,0.0,0.0,21799.0,20253.0,20147.0,19795.0,18.0,18.0,18.0,18.0
2025-06-19 16:29:55,52.9,54.8,92.0,93.0,97.0,95.0,0.0,0.0,0.0,0.0,21799.0,20253.0,20147.0,19795.0,18.0,18.0,18.0,18.0
2025-06-19 16:29:56,59.8,54.8,95.0,80.0,91.0,98.0,0.0,0.0,0.0,0.0,21799.0,20253.0,20147.0,19795.0,18.0,18.0,18.0,18.0
2025-06-19 16:29:57,55.7,54.8,62.0,96.0,89.0,66.0,0.0,0.0,0.0,0.0,21799.0,20253.0,20147.0,19795.0,18.0,18.0,18.0,18.0
2025-06-19 16:29:58,54.8,54.8,97.0,75.0,84.0,68.0,0.0,0.0,0.0,0.0,21799.0,20253.0,20147.0,19795.0,18.0,18.0,18.0,18.0
2025-06-19 16:29:59,52.6,54.8,37.0,75.0,88.0,11.0,0.0,0.0,0.0,0.0,21799.0,20253.0,20147.0,19795.0,18.0,18.0,18.0,18.0
2025-06-19 16:30:01,57.0,54.8,91.0,100.0,98.0,100.0,0.0,0.0,0.0,0.0,21799.0,20253.0,20147.0,19795.0,18.0,18.0,18.0,18.0
2025-06-19 16:30:02,58.7,54.8,97.0,97.0,96.0,96.0,0.0,0.0,0.0,0.0,21799.0,20253.0,20147.0,19795.0,18.0,18.0,18.0,18.0
2025-06-19 16:30:03,57.1,54.8,94.0,96.0,55.0,91.0,0.0,0.0,0.0,0.0,21799.0,20253.0,20147.0,19795.0,18.0,18.0,18.0,18.0
2025-06-19 16:30:04,63.3,54.8,73.0,79.0,98.0,70.0,0.0,0.0,0.0,0.0,21799.0,20253.0,20147.0,19795.0,18.0,18.0,18.0,18.0
2025-06-19 16:30:05,47.3,54.8,88.0,67.0,92.0,91.0,0.0,0.0,0.0,0.0,21799.0,20253.0,20147.0,19795.0,18.0,18.0,18.0,18.0
2025-06-19 16:30:06,57.0,54.7,69.0,75.0,28.0,52.0,0.0,0.0,0.0,0.0,21799.0,20253.0,20147.0,19795.0,18.0,18.0,18.0,18.0
2025-06-19 16:30:08,56.1,54.8,100.0,100.0,93.0,100.0,0.0,0.0,0.0,0.0,21799.0,20253.0,20147.0,19795.0,18.0,18.0,18.0,18.0
2025-06-19 16:30:09,58.2,54.8,98.0,98.0,99.0,96.0,0.0,0.0,0.0,0.0,21799.0,20253.0,20147.0,19795.0,18.0,18.0,18.0,18.0
2025-06-19 16:30:10,59.2,54.8,42.0,64.0,73.0,84.0,0.0,0.0,0.0,0.0,21799.0,20253.0,20147.0,19795.0,18.0,18.0,18.0,18.0
2025-06-19 16:30:11,42.0,54.8,100.0,100.0,97.0,88.0,0.0,0.0,0.0,0.0,21799.0,20253.0,20147.0,19795.0,18.0,18.0,18.0,18.0
2025-06-19 16:30:12,59.9,54.8,96.0,94.0,98.0,98.0,0.0,0.0,0.0,0.0,21799.0,20253.0,20147.0,19795.0,18.0,18.0,18.0,18.0
2025-06-19 16:30:13,59.0,54.8,82.0,85.0,83.0,77.0,0.0,0.0,0.0,0.0,21799.0,20253.0,20147.0,19795.0,18.0,18.0,18.0,18.0
2025-06-19 16:30:15,51.6,54.8,73.0,78.0,59.0,83.0,0.0,0.0,0.0,0.0,21799.0,20253.0,20147.0,19795.0,18.0,18.0,18.0,18.0
2025-06-19 16:30:16,53.4,54.8,88.0,100.0,100.0,100.0,0.0,0.0,0.0,0.0,21799.0,20253.0,20147.0,19795.0,18.0,18.0,18.0,18.0
2025-06-19 16:30:17,54.1,54.8,95.0,86.0,100.0,97.0,0.0,0.0,0.0,0.0,21799.0,20253.0,20147.0,19795.0,18.0,18.0,18.0,18.0
2025-06-19 16:30:18,56.3,54.8,98.0,100.0,80.0,88.0,0.0,0.0,0.0,0.0,21799.0,20253.0,20147.0,19795.0,18.0,18.0,18.0,18.0
2025-06-19 16:30:20,55.0,54.8,85.0,98.0,98.0,99.0,0.0,0.0,0.0,0.0,21799.0,20253.0,20147.0,19795.0,18.0,18.0,18.0,18.0
2025-06-19 16:30:21,58.4,54.8,98.0,98.0,64.0,96.0,0.0,0.0,0.0,0.0,21799.0,20253.0,20147.0,19795.0,18.0,18.0,18.0,18.0
2025-06-19 16:30:22,56.9,54.8,61.0,80.0,74.0,69.0,0.0,0.0,0.0,0.0,21799.0,20253.0,20147.0,19795.0,18.0,18.0,18.0,18.0
2025-06-19 16:30:23,51.0,54.8,74.0,33.0,77.0,84.0,0.0,0.0,0.0,0.0,21799.0,20253.0,20147.0,19795.0,18.0,18.0,18.0,18.0
2025-06-19 16:30:24,55.0,54.8,87.0,96.0,96.0,92.0,0.0,0.0,0.0,0.0,21799.0,20253.0,20147.0,19795.0,18.0,18.0,18.0,18.0
2025-06-19 16:30:26,59.4,54.8,97.0,95.0,95.0,95.0,0.0,0.0,0.0,0.0,21799.0,20253.0,20147.0,19795.0,18.0,18.0,18.0,18.0
2025-06-19 16:30:27,57.1,54.8,97.0,98.0,95.0,97.0,0.0,0.0,0.0,0.0,21799.0,20253.0,20147.0,19795.0,18.0,18.0,18.0,18.0
2025-06-19 16:30:28,53.1,54.8,8.0,68.0,99.0,94.0,0.0,0.0,0.0,0.0,21799.0,20253.0,20147.0,19795.0,18.0,18.0,18.0,18.0
2025-06-19 16:30:29,49.1,54.8,95.0,97.0,100.0,100.0,0.0,0.0,0.0,0.0,21799.0,20253.0,20147.0,19795.0,18.0,18.0,18.0,18.0
2025-06-19 16:30:30,54.5,54.8,100.0,81.0,100.0,95.0,0.0,0.0,0.0,0.0,21799.0,20253.0,20147.0,19795.0,18.0,18.0,18.0,18.0
2025-06-19 16:30:32,58.4,54.8,93.0,99.0,90.0,88.0,0.0,0.0,0.0,0.0,21799.0,20253.0,20147.0,19795.0,18.0,18.0,18.0,18.0
2025-06-19 16:30:33,61.4,54.8,88.0,95.0,78.0,97.0,0.0,0.0,0.0,0.0,21799.0,20253.0,20147.0,19795.0,18.0,18.0,18.0,18.0
2025-06-19 16:30:34,53.7,54.8,37.0,67.0,43.0,56.0,0.0,0.0,0.0,0.0,21799.0,20253.0,20147.0,19795.0,18.0,18.0,18.0,18.0
2025-06-19 16:30:35,49.4,54.8,91.0,98.0,94.0,86.0,0.0,0.0,0.0,0.0,21799.0,20253.0,20147.0,19795.0,18.0,18.0,18.0,18.0
2025-06-19 16:30:36,55.5,54.8,97.0,89.0,100.0,95.0,0.0,0.0,0.0,0.0,21799.0,20253.0,20147.0,19795.0,18.0,18.0,18.0,18.0
2025-06-19 16:30:38,56.8,54.8,96.0,85.0,98.0,90.0,0.0,0.0,0.0,0.0,21799.0,20253.0,20147.0,19795.0,18.0,18.0,18.0,18.0
2025-06-19 16:30:39,59.1,54.8,82.0,76.0,98.0,77.0,0.0,0.0,0.0,0.0,21799.0,20253.0,20147.0,19795.0,18.0,18.0,18.0,18.0
2025-06-19 16:30:40,46.5,54.8,93.0,38.0,67.0,56.0,0.0,0.0,0.0,0.0,21799.0,20253.0,20147.0,19795.0,18.0,18.0,18.0,18.0
2025-06-19 16:30:41,53.9,54.8,98.0,68.0,90.0,50.0,0.0,0.0,0.0,0.0,21799.0,20253.0,20147.0,19795.0,18.0,18.0,18.0,18.0
2025-06-19 16:30:43,58.5,54.8,95.0,97.0,90.0,97.0,0.0,0.0,0.0,0.0,21799.0,20253.0,20147.0,19795.0,18.0,18.0,18.0,18.0
2025-06-19 16:30:44,61.4,54.8,97.0,95.0,96.0,98.0,0.0,0.0,0.0,0.0,21799.0,20253.0,20147.0,19795.0,18.0,18.0,18.0,18.0
2025-06-19 16:30:45,54.3,54.8,77.0,53.0,56.0,9.0,0.0,0.0,0.0,0.0,21799.0,20253.0,20147.0,19795.0,18.0,18.0,18.0,18.0
2025-06-19 16:30:46,50.3,54.8,100.0,100.0,99.0,91.0,0.0,0.0,0.0,0.0,21799.0,20253.0,20147.0,19795.0,18.0,18.0,18.0,18.0
2025-06-19 16:30:47,53.9,54.8,96.0,95.0,93.0,97.0,0.0,0.0,0.0,0.0,21799.0,20253.0,20147.0,19795.0,18.0,18.0,18.0,18.0
2025-06-19 16:30:49,59.0,54.8,96.0,88.0,92.0,92.0,0.0,0.0,0.0,0.0,21799.0,20253.0,20147.0,19795.0,18.0,18.0,18.0,18.0
2025-06-19 16:30:50,63.4,54.8,96.0,95.0,96.0,95.0,0.0,0.0,0.0,0.0,21799.0,20253.0,20147.0,19795.0,18.0,18.0,18.0,18.0
2025-06-19 16:30:51,50.5,54.8,54.0,80.0,79.0,50.0,0.0,0.0,0.0,0.0,21799.0,20253.0,20147.0,19795.0,18.0,18.0,18.0,18.0
2025-06-19 16:30:52,54.1,54.8,95.0,93.0,99.0,100.0,0.0,0.0,0.0,0.0,21799.0,20253.0,20147.0,19795.0,18.0,18.0,18.0,18.0
2025-06-19 16:30:53,57.8,54.8,95.0,85.0,98.0,98.0,0.0,0.0,0.0,0.0,21799.0,20253.0,20147.0,19795.0,18.0,18.0,18.0,18.0
2025-06-19 16:30:54,62.1,54.8,84.0,86.0,95.0,89.0,0.0,0.0,0.0,0.0,21799.0,20253.0,20147.0,19795.0,18.0,18.0,18.0,18.0
2025-06-19 16:30:56,47.4,54.8,99.0,92.0,88.0,78.0,0.0,0.0,0.0,0.0,21799.0,20253.0,20147.0,19795.0,18.0,18.0,18.0,18.0
2025-06-19 16:30:57,56.0,54.8,97.0,92.0,92.0,98.0,0.0,0.0,0.0,0.0,21799.0,20253.0,20147.0,19795.0,18.0,18.0,18.0,18.0
2025-06-19 16:30:58,55.5,54.8,94.0,100.0,98.0,97.0,0.0,0.0,0.0,0.0,21799.0,20253.0,20147.0,19795.0,18.0,18.0,18.0,18.0
2025-06-19 16:30:59,62.3,54.8,99.0,76.0,96.0,94.0,0.0,0.0,0.0,0.0,21799.0,20253.0,20147.0,19795.0,18.0,18.0,18.0,18.0
2025-06-19 16:31:00,54.7,54.8,6.0,68.0,50.0,62.0,0.0,0.0,0.0,0.0,21799.0,20253.0,20147.0,19795.0,18.0,18.0,18.0,18.0
2025-06-19 16:31:02,50.0,54.8,88.0,100.0,71.0,59.0,0.0,0.0,0.0,0.0,21799.0,20253.0,20147.0,19795.0,18.0,18.0,18.0,18.0
2025-06-19 16:31:03,55.6,54.8,98.0,98.0,95.0,85.0,0.0,0.0,0.0,0.0,21799.0,20253.0,20147.0,19795.0,18.0,18.0,18.0,18.0
2025-06-19 16:31:04,59.5,54.8,91.0,82.0,96.0,97.0,0.0,0.0,0.0,0.0,21799.0,20253.0,20147.0,19795.0,18.0,18.0,18.0,18.0
2025-06-19 16:31:05,52.4,54.8,71.0,51.0,69.0,81.0,0.0,0.0,0.0,0.0,21799.0,20253.0,20147.0,19795.0,18.0,18.0,18.0,18.0
2025-06-19 16:31:06,52.6,54.8,100.0,100.0,89.0,91.0,0.0,0.0,0.0,0.0,21799.0,20253.0,20147.0,19795.0,18.0,18.0,18.0,18.0
2025-06-19 16:31:08,55.1,54.8,97.0,97.0,94.0,97.0,0.0,0.0,0.0,0.0,21799.0,20253.0,20147.0,19795.0,18.0,18.0,18.0,18.0
2025-06-19 16:31:09,60.3,54.8,62.0,95.0,91.0,99.0,0.0,0.0,0.0,0.0,21799.0,20253.0,20147.0,19795.0,18.0,18.0,18.0,18.0
2025-06-19 16:31:10,54.6,54.8,80.0,55.0,88.0,79.0,0.0,0.0,0.0,0.0,21799.0,20253.0,20147.0,19795.0,18.0,18.0,18.0,18.0
2025-06-19 16:31:11,48.4,54.8,100.0,89.0,98.0,100.0,0.0,0.0,0.0,0.0,21799.0,20253.0,20147.0,19795.0,18.0,18.0,18.0,18.0
2025-06-19 16:31:12,58.1,54.8,89.0,98.0,94.0,92.0,0.0,0.0,0.0,0.0,21799.0,20253.0,20147.0,19795.0,18.0,18.0,18.0,18.0
